ISO-10303-21;
HEADER;
FILE_DESCRIPTION (( 'STEP AP214' ),
    '1' );
FILE_NAME ('NORDSONEFD-7018210  TIP 20GA TT .023 ESD SAFE BLK.STEP',
    '2020-04-04T17:43:09',
    ( '' ),
    ( '' ),
    'SwSTEP 2.0',
    'SolidWorks 2019',
    '' );
FILE_SCHEMA (( 'AUTOMOTIVE_DESIGN' ));
ENDSEC;

DATA;
#1 = CARTESIAN_POINT ( 'NONE',  ( -0.08418584287042089886, 0.07246092253047980991, -0.08418584287042089886 ) ) ;
#2 = CARTESIAN_POINT ( 'NONE',  ( 0.01499999999999999944, 0.2151801597249826392, -0.09613450635659004373 ) ) ;
#3 = LINE ( 'NONE', #932, #2024 ) ;
#4 = ORIENTED_EDGE ( 'NONE', *, *, #2075, .T. ) ;
#5 = ADVANCED_FACE ( 'NONE', ( #1809 ), #291, .F. ) ;
#6 = CARTESIAN_POINT ( 'NONE',  ( -0.1166716232812724935, 0.07487683641884136654, -0.05988806161279013746 ) ) ;
#7 = CARTESIAN_POINT ( 'NONE',  ( -0.1529999999999999971, 0.03500000000000000333, -9.368238606741180121E-18 ) ) ;
#8 = ADVANCED_FACE ( 'NONE', ( #1667 ), #2055, .F. ) ;
#9 = ORIENTED_EDGE ( 'NONE', *, *, #834, .F. ) ;
#10 = CARTESIAN_POINT ( 'NONE',  ( 0.09562787314286998186, 0.2318815179278103933, 0.01499999999999999944 ) ) ;
#11 = CARTESIAN_POINT ( 'NONE',  ( 0.1279961560272040721, 0.03637638024315995033, -0.005700374483866266738 ) ) ;
#12 = ORIENTED_EDGE ( 'NONE', *, *, #1884, .T. ) ;
#13 = DIRECTION ( 'NONE',  ( 0.0000000000000000000, 1.000000000000000000, 0.0000000000000000000 ) ) ;
#14 = EDGE_CURVE ( 'NONE', #1777, #1390, #2051, .T. ) ;
#15 = DIRECTION ( 'NONE',  ( 0.0000000000000000000, 0.0000000000000000000, -1.000000000000000000 ) ) ;
#16 = CARTESIAN_POINT ( 'NONE',  ( 0.01499999999999999944, 0.3435680591605465017, 0.09223770028470099080 ) ) ;
#17 = B_SPLINE_CURVE_WITH_KNOTS ( 'NONE', 3,
 ( #1865, #201, #383, #372 ),
 .UNSPECIFIED., .F., .F.,
 ( 4, 4 ),
 ( 0.0000000000000000000, 0.0007619999999999999820 ),
 .UNSPECIFIED. ) ;
#18 = EDGE_CURVE ( 'NONE', #45, #1969, #886, .T. ) ;
#19 = AXIS2_PLACEMENT_3D ( 'NONE', #1115, #1095, #737 ) ;
#20 = COLOUR_RGB ( '',0.2509803921568627416, 0.2509803921568627416, 0.2509803921568627416 ) ;
#21 = ORIENTED_EDGE ( 'NONE', *, *, #2031, .F. ) ;
#22 = CARTESIAN_POINT ( 'NONE',  ( -0.1162799047452157675, 0.1000000000000000056, 0.1000656027928118474 ) ) ;
#23 = AXIS2_PLACEMENT_3D ( 'NONE', #699, #2037, #534 ) ;
#24 = CIRCLE ( 'NONE', #1330, 0.1310000000000000053 ) ;
#25 = VERTEX_POINT ( 'NONE', #1034 ) ;
#26 = CARTESIAN_POINT ( 'NONE',  ( -0.03081415712957912001, -0.006666666666666680105, -0.1150000000000001160 ) ) ;
#27 = CARTESIAN_POINT ( 'NONE',  ( -0.02863621076571645774, 0.07799999999999999989, 0.1278317935139043349 ) ) ;
#28 = CARTESIAN_POINT ( 'NONE',  ( 0.1325018867790185018, 0.06307456485392362588, 0.07650000000000098388 ) ) ;
#29 = CARTESIAN_POINT ( 'NONE',  ( 0.01001923393836935336, 0.1249999999999994726, -0.1307124805219858632 ) ) ;
#30 = EDGE_CURVE ( 'NONE', #601, #1979, #1433, .T. ) ;
#31 = VERTEX_POINT ( 'NONE', #1194 ) ;
#32 = CARTESIAN_POINT ( 'NONE',  ( -0.06337443900405931307, 0.1000000000000079853, 0.1396939689824021058 ) ) ;
#33 = ORIENTED_EDGE ( 'NONE', *, *, #42, .T. ) ;
#34 = CARTESIAN_POINT ( 'NONE',  ( -0.001578566205625777687, 0.04156963324797323389, -0.1284451679397795310 ) ) ;
#35 = CARTESIAN_POINT ( 'NONE',  ( 0.001578566205624879967, 0.04156963324797323389, 0.1284451679397795310 ) ) ;
#36 = CARTESIAN_POINT ( 'NONE',  ( -0.001965652553644416795, 0.04012500733025141375, -0.1317155935381103260 ) ) ;
#37 = CARTESIAN_POINT ( 'NONE',  ( -0.004501813313375913235, 0.03065992651877102321, -0.1529337558451092371 ) ) ;
#38 = DIRECTION ( 'NONE',  ( 0.0000000000000000000, 0.0000000000000000000, 1.000000000000000000 ) ) ;
#39 = CARTESIAN_POINT ( 'NONE',  ( -0.1228572306927575991, 0.4064030219849739667, -0.004999999999996361522 ) ) ;
#40 = B_SPLINE_CURVE_WITH_KNOTS ( 'NONE', 3,
 ( #1169, #1838, #59, #709, #1021, #348, #1002, #1673, #1351, #841 ),
 .UNSPECIFIED., .F., .F.,
 ( 4, 3, 3, 4 ),
 ( 0.0000000000000000000, 0.0002739835033858086183, 0.0005479671445189047713, 0.0006849815263491060985 ),
 .UNSPECIFIED. ) ;
#41 = ORIENTED_EDGE ( 'NONE', *, *, #690, .T. ) ;
#42 = EDGE_CURVE ( 'NONE', #1209, #1449, #1643, .T. ) ;
#43 = CARTESIAN_POINT ( 'NONE',  ( 0.0000000000000000000, -0.01499999999999999944, -0.1150000000000000050 ) ) ;
#44 =( BOUNDED_CURVE ( )  B_SPLINE_CURVE ( 2, ( #37, #556, #196, #367, #1212, #357, #1223, #723, #1719, #712, #376 ),
 .UNSPECIFIED., .F., .T. ) 
 B_SPLINE_CURVE_WITH_KNOTS ( ( 3, 2, 2, 2, 2, 3 ),
 ( 0.004728703419375509913, 0.08333333333333330095, 0.1666666666666665186, 0.2500000000000000555, 0.3333333333333335369, 0.3515700168406175052 ),
 .UNSPECIFIED. ) 
 CURVE ( )  GEOMETRIC_REPRESENTATION_ITEM ( )  RATIONAL_B_SPLINE_CURVE ( ( 0.9963523931347970652, 0.9678593462299391881, 1.000000000000000000, 0.9659258262890679791, 1.000000000000000000, 0.9659258262890679791, 1.000000000000000000, 0.9659258262890679791, 1.000000000000000000, 0.9925432009391381705, 0.9883500967050846686 ) ) 
 REPRESENTATION_ITEM ( '' )  );
#45 = VERTEX_POINT ( 'NONE', #1862 ) ;
#46 = FACE_OUTER_BOUND ( 'NONE', #384, .T. ) ;
#47 = DIRECTION ( 'NONE',  ( 0.0000000000000000000, 0.0000000000000000000, 1.000000000000000000 ) ) ;
#48 = DIRECTION ( 'NONE',  ( 1.000000000000000000, 0.0000000000000000000, -1.224646799147353207E-16 ) ) ;
#49 = CARTESIAN_POINT ( 'NONE',  ( 0.0000000000000000000, 4.268512490100410046E-17, 0.1154142853001830782 ) ) ;
#50 = VECTOR ( 'NONE', #434, 39.37007874015748854 ) ;
#51 = CARTESIAN_POINT ( 'NONE',  ( 0.1284483065970330740, 0.01668538483750287016, 0.08352100682775395746 ) ) ;
#52 = VECTOR ( 'NONE', #1446, 39.37007874015748143 ) ;
#53 = ORIENTED_EDGE ( 'NONE', *, *, #14, .F. ) ;
#54 = AXIS2_PLACEMENT_3D ( 'NONE', #1583, #404, #1255 ) ;
#55 = CARTESIAN_POINT ( 'NONE',  ( -0.07649999999999999856, 0.06833333333333327375, 0.1325018867790191124 ) ) ;
#56 = CIRCLE ( 'NONE', #1229, 0.1310000000000000053 ) ;
#57 = EDGE_CURVE ( 'NONE', #208, #1777, #462, .T. ) ;
#58 = ORIENTED_EDGE ( 'NONE', *, *, #962, .F. ) ;
#59 = CARTESIAN_POINT ( 'NONE',  ( 0.003717942919512536980, 0.03358537065521431664, 0.1464114650341785673 ) ) ;
#60 = CARTESIAN_POINT ( 'NONE',  ( 0.0000000000000000000, 6.829619984160649418E-17, 0.0000000000000000000 ) ) ;
#61 = CARTESIAN_POINT ( 'NONE',  ( 0.1166301184983087047, 0.04957671161376911440, -0.05721444260020096262 ) ) ;
#62 = DIRECTION ( 'NONE',  ( 0.0000000000000000000, -0.9995511882695526928, 0.02995700300305643646 ) ) ;
#63 = FACE_OUTER_BOUND ( 'NONE', #954, .T. ) ;
#64 = ORIENTED_EDGE ( 'NONE', *, *, #174, .F. ) ;
#65 = DIRECTION ( 'NONE',  ( 0.0000000000000000000, 0.0000000000000000000, 1.000000000000000000 ) ) ;
#66 = DIMENSIONAL_EXPONENTS ( 1.000000000000000000, 0.0000000000000000000, 0.0000000000000000000, 0.0000000000000000000, 0.0000000000000000000, 0.0000000000000000000, 0.0000000000000000000 ) ;
#67 = ORIENTED_EDGE ( 'NONE', *, *, #1672, .T. ) ;
#68 = CARTESIAN_POINT ( 'NONE',  ( 0.006616861532328116406, 0.02276645910517934718, 0.1528605188269901993 ) ) ;
#69 = EDGE_CURVE ( 'NONE', #2028, #759, #1835, .T. ) ;
#70 = LINE ( 'NONE', #365, #1785 ) ;
#71 = B_SPLINE_CURVE_WITH_KNOTS ( 'NONE', 3,
 ( #1033, #214, #454, #767 ),
 .UNSPECIFIED., .F., .F.,
 ( 4, 4 ),
 ( 0.001676878494955570589, 0.002612106032024797634 ),
 .UNSPECIFIED. ) ;
#72 = DIRECTION ( 'NONE',  ( 0.0000000000000000000, -1.000000000000000000, 0.0000000000000000000 ) ) ;
#73 = EDGE_CURVE ( 'NONE', #1979, #447, #1608, .T. ) ;
#74 = LINE ( 'NONE', #1329, #1224 ) ;
#75 = CARTESIAN_POINT ( 'NONE',  ( -0.09756438819605513235, 0.1680177585899230164, 0.01499999999999999944 ) ) ;
#76 = DIRECTION ( 'NONE',  ( -0.0000000000000000000, 1.000000000000000000, -0.0000000000000000000 ) ) ;
#77 = ORIENTED_EDGE ( 'NONE', *, *, #1298, .T. ) ;
#78 = CARTESIAN_POINT ( 'NONE',  ( -0.01499999999999999944, 0.5219308369684967364, 0.09730141975576929447 ) ) ;
#79 = EDGE_LOOP ( 'NONE', ( #1183, #1265, #280, #1569 ) ) ;
#80 = CARTESIAN_POINT ( 'NONE',  ( 0.1120037735580373950, 0.01000000000000001062, 0.1120037735580390603 ) ) ;
#81 = CARTESIAN_POINT ( 'NONE',  ( 0.01499999999999999944, 0.5280000000000000249, -0.1180602948799279600 ) ) ;
#82 = DIRECTION ( 'NONE',  ( 0.0000000000000000000, -1.000000000000000000, 0.0000000000000000000 ) ) ;
#83 = DIRECTION ( 'NONE',  ( -0.06231100129598622639, 4.493171042210961966E-16, 0.9980567815096953455 ) ) ;
#84 = EDGE_CURVE ( 'NONE', #1007, #575, #1179, .T. ) ;
#85 = DIRECTION ( 'NONE',  ( 1.000000000000000000, 0.0000000000000000000, -1.639989767676029929E-17 ) ) ;
#86 = CARTESIAN_POINT ( 'NONE',  ( -0.01499999999999999944, 0.4050454199496293373, -0.09037099110323992823 ) ) ;
#87 = VERTEX_POINT ( 'NONE', #876 ) ;
#88 = VECTOR ( 'NONE', #598, 39.37007874015748143 ) ;
#89 = ORIENTED_EDGE ( 'NONE', *, *, #238, .T. ) ;
#90 = DIRECTION ( 'NONE',  ( 0.0000000000000000000, 1.000000000000000000, 0.0000000000000000000 ) ) ;
#91 = AXIS2_PLACEMENT_3D ( 'NONE', #211, #1177, #521 ) ;
#92 = DIRECTION ( 'NONE',  ( 0.02995700300305643646, -0.9995511882695526928, 0.0000000000000000000 ) ) ;
#93 = CARTESIAN_POINT ( 'NONE',  ( -0.008162741169774192368, 0.08304590799002165014, 0.1307454383777700846 ) ) ;
#94 = APPLICATION_CONTEXT ( 'automotive_design' ) ;
#95 = CARTESIAN_POINT ( 'NONE',  ( 0.0000000000000000000, 0.5550000000000000488, 0.0000000000000000000 ) ) ;
#96 = CARTESIAN_POINT ( 'NONE',  ( 0.0000000000000000000, 0.0000000000000000000, 0.0000000000000000000 ) ) ;
#97 = B_SPLINE_CURVE_WITH_KNOTS ( 'NONE', 3,
 ( #828, #368, #205, #1659, #1047, #863, #229, #1532, #171, #1496 ),
 .UNSPECIFIED., .F., .F.,
 ( 4, 2, 2, 2, 4 ),
 ( 0.0000000000000000000, 0.0008571902313679711930, 0.001714380462735942386, 0.002571570694103913687, 0.003428760925471884772 ),
 .UNSPECIFIED. ) ;
#98 = VERTEX_POINT ( 'NONE', #1062 ) ;
#99 = CARTESIAN_POINT ( 'NONE',  ( 0.1150000000000000050, 0.03500000000000000333, 8.100826595896358937E-16 ) ) ;
#100 = ORIENTED_EDGE ( 'NONE', *, *, #161, .T. ) ;
#101 = FACE_OUTER_BOUND ( 'NONE', #1944, .T. ) ;
#102 = CARTESIAN_POINT ( 'NONE',  ( 0.0000000000000000000, 0.5550000000000000488, -0.08711270473939901338 ) ) ;
#103 = CARTESIAN_POINT ( 'NONE',  ( 0.08860933628236593307, 0.4630000000000000226, -0.01499999999999999944 ) ) ;
#104 = EDGE_CURVE ( 'NONE', #235, #1549, #1522, .T. ) ;
#105 = ORIENTED_EDGE ( 'NONE', *, *, #1982, .T. ) ;
#106 = FACE_OUTER_BOUND ( 'NONE', #1119, .T. ) ;
#107 = VERTEX_POINT ( 'NONE', #198 ) ;
#108 = CARTESIAN_POINT ( 'NONE',  ( -0.01499999999999999944, 0.5158387108794803000, 0.1079569694996674184 ) ) ;
#109 = EDGE_CURVE ( 'NONE', #98, #1957, #903, .T. ) ;
#110 = ORIENTED_EDGE ( 'NONE', *, *, #845, .T. ) ;
#111 = CARTESIAN_POINT ( 'NONE',  ( 0.05309880134844369853, 0.1000000000000000194, -0.1439241237958132913 ) ) ;
#112 = LINE ( 'NONE', #924, #669 ) ;
#113 = CARTESIAN_POINT ( 'NONE',  ( 0.01499999999999999944, 0.5097381529686614288, 0.1186076107280600450 ) ) ;
#114 = DIRECTION ( 'NONE',  ( 0.0000000000000000000, -1.000000000000000000, 0.0000000000000000000 ) ) ;
#115 = ORIENTED_EDGE ( 'NONE', *, *, #2009, .T. ) ;
#116 = CARTESIAN_POINT ( 'NONE',  ( 0.0000000000000000000, 0.06989910919719291571, 0.0000000000000000000 ) ) ;
#117 = EDGE_LOOP ( 'NONE', ( #911, #729, #1066, #1766 ) ) ;
#118 = CARTESIAN_POINT ( 'NONE',  ( 0.1325018867790196953, 0.05166666666666669405, -0.07649999999999901323 ) ) ;
#119 = CIRCLE ( 'NONE', #705, 0.02000000000000000042 ) ;
#120 = ORIENTED_EDGE ( 'NONE', *, *, #1186, .T. ) ;
#121 = CLOSED_SHELL ( 'NONE', ( #1011, #604, #917, #1902, #1479, #992, #317, #1271, #1927, #275, #880, #449, #307, #366, #473, #1971, #2019, #1869, #656, #1096, #409, #8, #1915, #1807, #1055, #2103, #1411, #781, #1953, #1083, #562, #1149, #381, #1460, #1619, #1686, #1217, #1941, #532, #1650, #545, #1150, #682, #485, #735, #1472, #949, #1325, #2126, #1770, #1536, #808, #793, #974, #148, #5, #1401, #1738 ) ) ;
#122 = CARTESIAN_POINT ( 'NONE',  ( 1.413417350687486087E-17, 0.005000000000000000104, -0.1154142853001830782 ) ) ;
#123 = EDGE_CURVE ( 'NONE', #2028, #1841, #684, .T. ) ;
#124 = VECTOR ( 'NONE', #1290, 39.37007874015748143 ) ;
#125 = CARTESIAN_POINT ( 'NONE',  ( 0.0000000000000000000, 0.5097869938180542571, -0.1194677590656458011 ) ) ;
#126 = AXIS2_PLACEMENT_3D ( 'NONE', #1456, #624, #1972 ) ;
#127 = CARTESIAN_POINT ( 'NONE',  ( 0.0000000000000000000, 0.1571943439279746002, 0.0000000000000000000 ) ) ;
#128 = AXIS2_PLACEMENT_3D ( 'NONE', #1443, #1311, #970 ) ;
#129 = ORIENTED_EDGE ( 'NONE', *, *, #933, .T. ) ;
#130 = CARTESIAN_POINT ( 'NONE',  ( -1.604287306883032539E-17, 0.07799999999999999989, 0.1310000000000000053 ) ) ;
#131 = ORIENTED_EDGE ( 'NONE', *, *, #1174, .F. ) ;
#132 = CARTESIAN_POINT ( 'NONE',  ( 0.008697877977615552439, 0.01499999999999999944, -0.6040756493107657388 ) ) ;
#133 = ORIENTED_EDGE ( 'NONE', *, *, #1166, .T. ) ;
#134 = CARTESIAN_POINT ( 'NONE',  ( 1.272153474410321779E-17, 4.268512490100411279E-18, 0.1038792144229703229 ) ) ;
#135 = CARTESIAN_POINT ( 'NONE',  ( -0.01451310498159136958, 0.04451731427175492639, -0.1287001236225543133 ) ) ;
#136 = DIRECTION ( 'NONE',  ( 0.0000000000000000000, 0.0000000000000000000, 1.000000000000000000 ) ) ;
#137 = EDGE_CURVE ( 'NONE', #1579, #338, #581, .T. ) ;
#138 = CARTESIAN_POINT ( 'NONE',  ( -0.008697877977611319714, 0.01499999999999999944, -0.1527525676336944915 ) ) ;
#139 = ORIENTED_EDGE ( 'NONE', *, *, #1780, .F. ) ;
#140 = CARTESIAN_POINT ( 'NONE',  ( -0.1284483065970337123, 0.01668538483750287016, -0.08352100682775302765 ) ) ;
#141 = ORIENTED_EDGE ( 'NONE', *, *, #1861, .F. ) ;
#142 = CARTESIAN_POINT ( 'NONE',  ( 0.0000000000000000000, 0.0000000000000000000, 0.0000000000000000000 ) ) ;
#143 = UNCERTAINTY_MEASURE_WITH_UNIT (LENGTH_MEASURE( 1.000000000000000082E-05 ), #593, 'distance_accuracy_value', 'NONE');
#144 = ORIENTED_EDGE ( 'NONE', *, *, #1872, .F. ) ;
#145 = CARTESIAN_POINT ( 'NONE',  ( 0.1301383878799795002, 0.1249999999999996253, -0.01500000000000007230 ) ) ;
#146 = CARTESIAN_POINT ( 'NONE',  ( -0.05191396184797756469, 0.05361100819022641961, -0.1197498194016997641 ) ) ;
#147 = DIRECTION ( 'NONE',  ( 0.0000000000000000000, -1.000000000000000000, 0.0000000000000000000 ) ) ;
#148 = ADVANCED_FACE ( 'NONE', ( #1025 ), #664, .F. ) ;
#149 = CARTESIAN_POINT ( 'NONE',  ( -0.1325018867790191124, 0.06307456485392362588, -0.07649999999999999856 ) ) ;
#150 = CARTESIAN_POINT ( 'NONE',  ( -0.1325018867790191124, 0.05166666666666669405, 0.07649999999999999856 ) ) ;
#151 = VERTEX_POINT ( 'NONE', #283 ) ;
#152 = DIRECTION ( 'NONE',  ( 0.0000000000000000000, 0.0000000000000000000, -1.000000000000000000 ) ) ;
#153 = ORIENTED_EDGE ( 'NONE', *, *, #73, .T. ) ;
#154 = CARTESIAN_POINT ( 'NONE',  ( -0.1259563256129075937, 0.1000000000000000056, 0.07427389757514701873 ) ) ;
#155 = CONICAL_SURFACE ( 'NONE', #1357, 0.1000000000000000056, 0.02996148549257007104 ) ;
#156 = PLANE ( 'NONE',  #1476 ) ;
#157 = CARTESIAN_POINT ( 'NONE',  ( -0.1529999999999999416, 0.07140789818725687410, -0.04099622644196177640 ) ) ;
#158 = AXIS2_PLACEMENT_3D ( 'NONE', #2008, #147, #973 ) ;
#159 = DIRECTION ( 'NONE',  ( 0.0000000000000000000, -1.000000000000000000, 0.0000000000000000000 ) ) ;
#160 = CARTESIAN_POINT ( 'NONE',  ( -0.1120037735580382277, 0.1047412315205901862, 0.1120037735580382277 ) ) ;
#161 = EDGE_CURVE ( 'NONE', #1877, #777, #1888, .T. ) ;
#162 = CARTESIAN_POINT ( 'NONE',  ( 0.09799919152463756888, 0.1536785077329631266, -0.01499999999999999944 ) ) ;
#163 = DIRECTION ( 'NONE',  ( 0.0000000000000000000, 1.000000000000000000, 0.0000000000000000000 ) ) ;
#164 = ORIENTED_EDGE ( 'NONE', *, *, #617, .T. ) ;
#165 = CARTESIAN_POINT ( 'NONE',  ( 0.09886859966642598530, 0.1250000000000000000, -0.01499999999999999944 ) ) ;
#166 = CARTESIAN_POINT ( 'NONE',  ( -0.008162741169774192368, 0.1000000000000000056, 0.1307454383777700846 ) ) ;
#167 = CARTESIAN_POINT ( 'NONE',  ( 0.01499999999999999944, 0.2793741335096832090, 0.09418689570995052163 ) ) ;
#168 = CARTESIAN_POINT ( 'NONE',  ( 0.0000000000000000000, 4.268512490100410046E-17, 0.0000000000000000000 ) ) ;
#169 = ORIENTED_EDGE ( 'NONE', *, *, #1127, .T. ) ;
#170 = CARTESIAN_POINT ( 'NONE',  ( -0.05309880134844265770, 0.1000000000000000056, 0.1439241237958137631 ) ) ;
#171 = CARTESIAN_POINT ( 'NONE',  ( 0.01997268734120031738, 0.01500000000000004281, 0.1521105691548186034 ) ) ;
#172 = ORIENTED_EDGE ( 'NONE', *, *, #2087, .F. ) ;
#173 = CARTESIAN_POINT ( 'NONE',  ( 0.001578566205624879967, 0.04156963324797323389, 0.1284451679397795310 ) ) ;
#174 = EDGE_CURVE ( 'NONE', #1652, #2064, #1084, .T. ) ;
#175 = CARTESIAN_POINT ( 'NONE',  ( 0.0000000000000000000, 0.1875782876725558823, 0.0000000000000000000 ) ) ;
#176 = CARTESIAN_POINT ( 'NONE',  ( -0.1325018867790191124, 0.09640789818725689631, 0.07649999999999999856 ) ) ;
#177 = CARTESIAN_POINT ( 'NONE',  ( 0.05750000000000078659, 0.1307942558638131858, -0.09959292143521003560 ) ) ;
#178 = CARTESIAN_POINT ( 'NONE',  ( -0.1325018867790191124, 0.09640789818725689631, 0.07649999999999999856 ) ) ;
#179 = CARTESIAN_POINT ( 'NONE',  ( 0.0000000000000000000, 0.1250000000000000000, 0.0000000000000000000 ) ) ;
#180 = ORIENTED_EDGE ( 'NONE', *, *, #988, .T. ) ;
#181 = DIRECTION ( 'NONE',  ( -0.02995700300305643646, -0.9995511882695526928, 0.0000000000000000000 ) ) ;
#182 = CARTESIAN_POINT ( 'NONE',  ( -0.06327812810203267690, 0.06892856055256607606, 0.1146512362637512605 ) ) ;
#183 = EDGE_CURVE ( 'NONE', #879, #1007, #1130, .T. ) ;
#184 = DIRECTION ( 'NONE',  ( -0.0000000000000000000, -1.000000000000000000, -0.0000000000000000000 ) ) ;
#185 = DIRECTION ( 'NONE',  ( 0.0000000000000000000, -1.000000000000000000, 0.0000000000000000000 ) ) ;
#186 = AXIS2_PLACEMENT_3D ( 'NONE', #279, #480, #152 ) ;
#187 = AXIS2_PLACEMENT_3D ( 'NONE', #591, #1741, #2071 ) ;
#188 = VERTEX_POINT ( 'NONE', #1950 ) ;
#189 = CARTESIAN_POINT ( 'NONE',  ( -0.03164398885976774795, 0.09999999999999997780, 0.1501076083484011447 ) ) ;
#190 = CIRCLE ( 'NONE', #776, 0.06800000000000000488 ) ;
#191 = ORIENTED_EDGE ( 'NONE', *, *, #220, .F. ) ;
#192 = DIRECTION ( 'NONE',  ( 0.0000000000000000000, 0.0000000000000000000, 1.000000000000000000 ) ) ;
#193 = CARTESIAN_POINT ( 'NONE',  ( -0.01499999999999999944, 0.5097381529686614288, -0.1186076107280600450 ) ) ;
#194 = CARTESIAN_POINT ( 'NONE',  ( -0.1228051891398195122, 0.4080547628802202453, -0.005022020528009837545 ) ) ;
#195 = PRESENTATION_LAYER_ASSIGNMENT (  '', '', ( #1059 ) ) ;
#196 = CARTESIAN_POINT ( 'NONE',  ( -0.07649999999999999856, 0.04640789818725685190, -0.1325018867790191124 ) ) ;
#197 = EDGE_CURVE ( 'NONE', #2118, #583, #1784, .T. ) ;
#198 = CARTESIAN_POINT ( 'NONE',  ( 6.558761550356027258E-18, 1.235000000000000098, 0.02000000000000000042 ) ) ;
#199 = CARTESIAN_POINT ( 'NONE',  ( -0.01499999999999999944, 0.1509861460152488177, -0.09808079952795235867 ) ) ;
#200 = ORIENTED_EDGE ( 'NONE', *, *, #1322, .T. ) ;
#201 = CARTESIAN_POINT ( 'NONE',  ( 0.1228572306927576963, 0.4064030219849716352, 0.005000000000000019186 ) ) ;
#202 = CARTESIAN_POINT ( 'NONE',  ( -0.1065047068182012752, 0.01774966137137863262, -0.06438082294651086002 ) ) ;
#203 = DIRECTION ( 'NONE',  ( 0.0000000000000000000, 0.0000000000000000000, -1.000000000000000000 ) ) ;
#204 = CARTESIAN_POINT ( 'NONE',  ( 0.01500000000000003934, 0.1249999999999994865, -0.1301383878799795280 ) ) ;
#205 = CARTESIAN_POINT ( 'NONE',  ( 0.1093805565307032768, 0.01500000000000001159, 0.1075737502362302256 ) ) ;
#206 = CARTESIAN_POINT ( 'NONE',  ( -0.09967389451823499558, 0.4441044510572269566, 0.01500000000000000291 ) ) ;
#207 = EDGE_CURVE ( 'NONE', #1250, #264, #1746, .T. ) ;
#208 = VERTEX_POINT ( 'NONE', #768 ) ;
#209 = CARTESIAN_POINT ( 'NONE',  ( -0.1529999999999999971, 0.03500000000000000333, -9.368238606741180121E-18 ) ) ;
#210 = ORIENTED_EDGE ( 'NONE', *, *, #1079, .F. ) ;
#211 = CARTESIAN_POINT ( 'NONE',  ( 0.0000000000000000000, 0.07799999999999999989, 0.0000000000000000000 ) ) ;
#212 = DIRECTION ( 'NONE',  ( 0.0000000000000000000, 1.000000000000000000, 0.0000000000000000000 ) ) ;
#213 = DIRECTION ( 'NONE',  ( 0.0000000000000000000, 0.0000000000000000000, 1.000000000000000000 ) ) ;
#214 = CARTESIAN_POINT ( 'NONE',  ( 0.01499999999999999944, 0.5219308209623410022, -0.09730144789173605924 ) ) ;
#215 = AXIS2_PLACEMENT_3D ( 'NONE', #301, #930, #1635 ) ;
#216 = AXIS2_PLACEMENT_3D ( 'NONE', #1873, #1523, #38 ) ;
#217 = CARTESIAN_POINT ( 'NONE',  ( -0.005559346328528160137, 0.02671315957554130927, -0.1529026259210408689 ) ) ;
#218 = CARTESIAN_POINT ( 'NONE',  ( -0.09799919152463756888, 0.1536785077329631266, -0.01499999999999999944 ) ) ;
#219 = CIRCLE ( 'NONE', #1157, 0.01149999999999999981 ) ;
#220 = EDGE_CURVE ( 'NONE', #564, #2127, #1506, .T. ) ;
#221 = ORIENTED_EDGE ( 'NONE', *, *, #1312, .T. ) ;
#222 = VECTOR ( 'NONE', #1605, 39.37007874015748143 ) ;
#223 = EDGE_LOOP ( 'NONE', ( #1426, #200, #908, #694, #232, #1527, #503, #2085, #991, #1775, #423, #1360, #645 ) ) ;
#224 = CONICAL_SURFACE ( 'NONE', #128, 0.2351052642138527771, 1.047197551196599408 ) ;
#225 = EDGE_LOOP ( 'NONE', ( #1791, #817, #320, #708 ) ) ;
#226 = CARTESIAN_POINT ( 'NONE',  ( 0.0000000000000000000, 0.5097869938180542571, -0.1194677590656458011 ) ) ;
#227 = CARTESIAN_POINT ( 'NONE',  ( -0.1301383878799795002, 0.1249999999999996253, 0.01500000000000002547 ) ) ;
#228 = CARTESIAN_POINT ( 'NONE',  ( 0.005013742406855166596, 0.1249999999999994726, -0.1310000000000000331 ) ) ;
#229 = CARTESIAN_POINT ( 'NONE',  ( 0.05284438053120038559, 0.01500000000000000465, 0.1440304946217069448 ) ) ;
#230 = DIRECTION ( 'NONE',  ( 0.0000000000000000000, 0.0000000000000000000, -1.000000000000000000 ) ) ;
#231 =( NAMED_UNIT ( * ) SI_UNIT ( $, .STERADIAN. ) SOLID_ANGLE_UNIT ( ) );
#232 = ORIENTED_EDGE ( 'NONE', *, *, #722, .F. ) ;
#233 = CARTESIAN_POINT ( 'NONE',  ( 0.0000000000000000000, 0.5280000000000000249, 0.0000000000000000000 ) ) ;
#234 = EDGE_CURVE ( 'NONE', #1284, #25, #764, .T. ) ;
#235 = VERTEX_POINT ( 'NONE', #952 ) ;
#236 = CARTESIAN_POINT ( 'NONE',  ( 0.07650000000000098388, 0.1130745648539236425, -0.1325018867790185018 ) ) ;
#237 = CARTESIAN_POINT ( 'NONE',  ( 0.1325018867790196953, 0.09640789818725689631, -0.07649999999999901323 ) ) ;
#238 = EDGE_CURVE ( 'NONE', #2118, #601, #1272, .T. ) ;
#239 = DIRECTION ( 'NONE',  ( 0.0000000000000000000, 1.000000000000000000, 0.0000000000000000000 ) ) ;
#240 = PLANE ( 'NONE',  #1395 ) ;
#241 = CARTESIAN_POINT ( 'NONE',  ( 0.0000000000000000000, 0.1875782876725558823, 0.0000000000000000000 ) ) ;
#242 = CARTESIAN_POINT ( 'NONE',  ( -0.1310000000000000608, 0.09491669099045665914, 0.02070989553872863015 ) ) ;
#243 = ORIENTED_EDGE ( 'NONE', *, *, #1660, .T. ) ;
#244 = CARTESIAN_POINT ( 'NONE',  ( 0.0000000000000000000, 0.5120957157809624682, -0.1193985656200396844 ) ) ;
#245 = B_SPLINE_CURVE_WITH_KNOTS ( 'NONE', 3,
 ( #343, #1810, #805, #1842, #1485, #10, #360, #976, #1822, #1976 ),
 .UNSPECIFIED., .F., .F.,
 ( 4, 3, 3, 4 ),
 ( 0.01495762138998710071, 0.01758496691050652483, 0.02245362206415583289, 0.02354677518098557965 ),
 .UNSPECIFIED. ) ;
#246 = ORIENTED_EDGE ( 'NONE', *, *, #2009, .F. ) ;
#247 = CARTESIAN_POINT ( 'NONE',  ( 0.0000000000000000000, 0.1250000000000000000, 0.0000000000000000000 ) ) ;
#248 = EDGE_CURVE ( 'NONE', #1052, #479, #1610, .T. ) ;
#249 = CARTESIAN_POINT ( 'NONE',  ( 0.008162741169775099628, 0.1000000000000000056, -0.1307454383777700846 ) ) ;
#250 = CARTESIAN_POINT ( 'NONE',  ( 0.008162741169775099628, 0.08304590799002165014, -0.1307454383777700846 ) ) ;
#251 = CARTESIAN_POINT ( 'NONE',  ( -0.06333643728675938944, 0.01499999999999109511, -0.1397257584529344454 ) ) ;
#252 = VECTOR ( 'NONE', #938, 39.37007874015748854 ) ;
#253 = VERTEX_POINT ( 'NONE', #2072 ) ;
#254 = PLANE ( 'NONE',  #1009 ) ;
#255 = AXIS2_PLACEMENT_3D ( 'NONE', #1178, #184, #1201 ) ;
#256 = ORIENTED_EDGE ( 'NONE', *, *, #1564, .F. ) ;
#257 = CARTESIAN_POINT ( 'NONE',  ( 0.04538837916685065088, 0.07563575448355555619, -0.1504641894419637693 ) ) ;
#258 = VECTOR ( 'NONE', #1938, 39.37007874015748854 ) ;
#259 = DIRECTION ( 'NONE',  ( 0.0000000000000000000, 0.0000000000000000000, 1.000000000000000000 ) ) ;
#260 = CYLINDRICAL_SURFACE ( 'NONE', #2027, 0.1310000000000000053 ) ;
#261 =( BOUNDED_CURVE ( )  B_SPLINE_CURVE ( 2, ( #1277, #800, #959, #2121, #993 ),
 .UNSPECIFIED., .F., .T. ) 
 B_SPLINE_CURVE_WITH_KNOTS ( ( 3, 2, 3 ),
 ( 1.839952100020048735E-18, 0.001282327323355957017, 0.002352538841573136637 ),
 .UNSPECIFIED. ) 
 CURVE ( )  GEOMETRIC_REPRESENTATION_ITEM ( )  RATIONAL_B_SPLINE_CURVE ( ( 0.9861706953697970679, 0.9755702637963485913, 1.000000000000000000, 0.9796113015795908652, 0.9836222570909232132 ) ) 
 REPRESENTATION_ITEM ( '' )  );
#262 = EDGE_CURVE ( 'NONE', #1424, #1877, #1400, .T. ) ;
#263 = CARTESIAN_POINT ( 'NONE',  ( -0.1217089477800704644, 0.4062583377399779372, -0.01499999999999999944 ) ) ;
#264 = VERTEX_POINT ( 'NONE', #1909 ) ;
#265 = DIRECTION ( 'NONE',  ( 0.0000000000000000000, -1.000000000000000000, 0.0000000000000000000 ) ) ;
#266 = EDGE_LOOP ( 'NONE', ( #966, #1207, #1923, #568 ) ) ;
#267 = CARTESIAN_POINT ( 'NONE',  ( 0.07649999999999901323, 0.001666666666666677182, 0.1325018867790196953 ) ) ;
#268 = VERTEX_POINT ( 'NONE', #1940 ) ;
#269 = CARTESIAN_POINT ( 'NONE',  ( 0.07650000000000098388, 0.06833333333333327375, -0.1325018867790185018 ) ) ;
#270 = CARTESIAN_POINT ( 'NONE',  ( 0.005013742406855166596, 0.5120957157809624682, 0.1193985656200396983 ) ) ;
#271 = FILL_AREA_STYLE ('',( #1270 ) ) ;
#272 = B_SPLINE_CURVE_WITH_KNOTS ( 'NONE', 3,
 ( #854, #1023, #1353, #524 ),
 .UNSPECIFIED., .F., .F.,
 ( 4, 4 ),
 ( 0.0000000000000000000, 0.0003810000000000003163 ),
 .UNSPECIFIED. ) ;
#273 = CARTESIAN_POINT ( 'NONE',  ( 0.0000000000000000000, 0.1250000000000000000, 0.0000000000000000000 ) ) ;
#274 = VERTEX_POINT ( 'NONE', #103 ) ;
#275 = ADVANCED_FACE ( 'NONE', ( #415 ), #493, .T. ) ;
#276 = CARTESIAN_POINT ( 'NONE',  ( 0.0000000000000000000, 0.1250000000000000000, 0.0000000000000000000 ) ) ;
#277 = ORIENTED_EDGE ( 'NONE', *, *, #1555, .F. ) ;
#278 = B_SPLINE_CURVE_WITH_KNOTS ( 'NONE', 3,
 ( #899, #1570, #1415, #1251 ),
 .UNSPECIFIED., .F., .F.,
 ( 4, 4 ),
 ( 0.004400459430966408188, 0.006069001938391447096 ),
 .UNSPECIFIED. ) ;
#279 = CARTESIAN_POINT ( 'NONE',  ( 0.0000000000000000000, 0.1250000000000000000, 0.0000000000000000000 ) ) ;
#280 = ORIENTED_EDGE ( 'NONE', *, *, #1675, .F. ) ;
#281 = CARTESIAN_POINT ( 'NONE',  ( -0.001578566205625777687, 0.04156963324797323389, -0.1284451679397795310 ) ) ;
#282 = CARTESIAN_POINT ( 'NONE',  ( 1.604287306883032539E-17, 0.1795551952875370227, -0.1310000000000000053 ) ) ;
#283 = CARTESIAN_POINT ( 'NONE',  ( -0.009533583198285885962, 0.1000000000000000056, 0.1527026875709834586 ) ) ;
#284 = APPLICATION_PROTOCOL_DEFINITION ( 'draft international standard', 'automotive_design', 1998, #94 ) ;
#285 = ORIENTED_EDGE ( 'NONE', *, *, #2036, .T. ) ;
#286 = FACE_OUTER_BOUND ( 'NONE', #225, .T. ) ;
#287 = EDGE_LOOP ( 'NONE', ( #2013, #1087, #629, #773, #1866 ) ) ;
#288 = CARTESIAN_POINT ( 'NONE',  ( 0.0000000000000000000, 0.1250000000000000000, 0.0000000000000000000 ) ) ;
#289 = CIRCLE ( 'NONE', #1545, 0.02000000000000000042 ) ;
#290 = ORIENTED_EDGE ( 'NONE', *, *, #627, .T. ) ;
#291 = CONICAL_SURFACE ( 'NONE', #523, 0.08449999999999999178, 0.02972097543023278707 ) ;
#292 = FACE_OUTER_BOUND ( 'NONE', #1252, .T. ) ;
#293 =( GEOMETRIC_REPRESENTATION_CONTEXT ( 3 ) GLOBAL_UNCERTAINTY_ASSIGNED_CONTEXT ( ( #1526 ) ) GLOBAL_UNIT_ASSIGNED_CONTEXT ( ( #1070, #414, #902 ) ) REPRESENTATION_CONTEXT ( 'NONE', 'WORKASPACE' ) );
#294 = EDGE_CURVE ( 'NONE', #490, #235, #403, .T. ) ;
#295 = FACE_OUTER_BOUND ( 'NONE', #1105, .T. ) ;
#296 = VECTOR ( 'NONE', #1030, 39.37007874015748143 ) ;
#297 = LINE ( 'NONE', #951, #52 ) ;
#298 = CIRCLE ( 'NONE', #2105, 0.1310000000000000053 ) ;
#299 = DIRECTION ( 'NONE',  ( -0.0000000000000000000, -1.000000000000000000, -0.0000000000000000000 ) ) ;
#300 = ORIENTED_EDGE ( 'NONE', *, *, #1490, .T. ) ;
#301 = CARTESIAN_POINT ( 'NONE',  ( 0.2393020253487574689, 0.1000000000000000056, -0.6164297491599330936 ) ) ;
#302 = ORIENTED_EDGE ( 'NONE', *, *, #1375, .F. ) ;
#303 = CARTESIAN_POINT ( 'NONE',  ( -0.005013742406855169198, 0.1249999999999994726, 0.1310000000000000331 ) ) ;
#304 = VERTEX_POINT ( 'NONE', #1260 ) ;
#305 = CARTESIAN_POINT ( 'NONE',  ( 0.008349674173663090490, 0.1000000000000000056, -0.1337396087222992302 ) ) ;
#306 = CARTESIAN_POINT ( 'NONE',  ( -0.08468159479318881910, 0.06261366800891805806, -0.09956806049983905893 ) ) ;
#307 = ADVANCED_FACE ( 'NONE', ( #1931, #1764 ), #254, .T. ) ;
#308 = CARTESIAN_POINT ( 'NONE',  ( -0.009533583198285891167, 0.08304590799002163626, 0.1527026875709834308 ) ) ;
#309 = FACE_OUTER_BOUND ( 'NONE', #410, .T. ) ;
#310 = ORIENTED_EDGE ( 'NONE', *, *, #1036, .T. ) ;
#311 = CARTESIAN_POINT ( 'NONE',  ( -0.01499999999999999944, 0.5280000000000000249, -0.01207809300005161304 ) ) ;
#312 = VERTEX_POINT ( 'NONE', #1054 ) ;
#313 = ORIENTED_EDGE ( 'NONE', *, *, #1122, .T. ) ;
#314 = CARTESIAN_POINT ( 'NONE',  ( -0.1260583178664236026, 0.09999999999999989453, 0.04879075722384194208 ) ) ;
#315 = CARTESIAN_POINT ( 'NONE',  ( 0.0000000000000000000, 6.829619984160649418E-17, 0.0000000000000000000 ) ) ;
#316 = FACE_OUTER_BOUND ( 'NONE', #1736, .T. ) ;
#317 = ADVANCED_FACE ( 'NONE', ( #1901 ), #1379, .T. ) ;
#318 = CARTESIAN_POINT ( 'NONE',  ( 0.07650000000000098388, 0.1130745648539236425, -0.1325018867790185018 ) ) ;
#319 = EDGE_CURVE ( 'NONE', #45, #188, #1075, .T. ) ;
#320 = ORIENTED_EDGE ( 'NONE', *, *, #693, .F. ) ;
#321 = FACE_OUTER_BOUND ( 'NONE', #1244, .T. ) ;
#322 = ORIENTED_EDGE ( 'NONE', *, *, #1621, .T. ) ;
#323 = CARTESIAN_POINT ( 'NONE',  ( -0.01500000000000007924, 0.1249999999999994865, 0.1301383878799795280 ) ) ;
#324 = EDGE_LOOP ( 'NONE', ( #784, #425, #1276, #1218 ) ) ;
#325 = CARTESIAN_POINT ( 'NONE',  ( 0.008697877977610256328, 0.01499999999999999944, 0.1527525676336946858 ) ) ;
#326 = VECTOR ( 'NONE', #1295, 39.37007874015748143 ) ;
#327 = DIRECTION ( 'NONE',  ( 7.993605777301127091E-15, 0.0000000000000000000, 1.000000000000000000 ) ) ;
#328 = CARTESIAN_POINT ( 'NONE',  ( 0.0000000000000000000, 1.235000000000000098, 0.0000000000000000000 ) ) ;
#329 = AXIS2_PLACEMENT_3D ( 'NONE', #1373, #212, #1058 ) ;
#330 = VECTOR ( 'NONE', #1828, 39.37007874015748854 ) ;
#331 = PLANE ( 'NONE',  #1890 ) ;
#332 = EDGE_CURVE ( 'NONE', #659, #1209, #2095, .T. ) ;
#333 = AXIS2_PLACEMENT_3D ( 'NONE', #1287, #981, #1618 ) ;
#334 = CARTESIAN_POINT ( 'NONE',  ( -0.08418584287042089886, 0.1224609225304799515, 0.08418584287042089886 ) ) ;
#335 = CARTESIAN_POINT ( 'NONE',  ( 0.01499999999999999944, 0.1423240980678852907, -0.09834342346740872209 ) ) ;
#336 = CARTESIAN_POINT ( 'NONE',  ( 0.09967820956012481137, 0.01499999999999999944, 0.07259683921833780251 ) ) ;
#337 = EDGE_CURVE ( 'NONE', #941, #274, #278, .T. ) ;
#338 = VERTEX_POINT ( 'NONE', #921 ) ;
#339 = DIRECTION ( 'NONE',  ( 0.0000000000000000000, 1.000000000000000000, 0.0000000000000000000 ) ) ;
#340 = CARTESIAN_POINT ( 'NONE',  ( -0.1529999999999999416, 0.02666666666666668573, -0.04099622644196177640 ) ) ;
#341 = CARTESIAN_POINT ( 'NONE',  ( 0.1325018867790196953, 0.09640789818725689631, -0.07649999999999901323 ) ) ;
#342 = ORIENTED_EDGE ( 'NONE', *, *, #607, .F. ) ;
#343 = CARTESIAN_POINT ( 'NONE',  ( 0.08860933628236593307, 0.4630000000000000226, 0.01499999999999999944 ) ) ;
#344 = EDGE_CURVE ( 'NONE', #1038, #188, #1470, .T. ) ;
#345 = ORIENTED_EDGE ( 'NONE', *, *, #14, .T. ) ;
#346 = CARTESIAN_POINT ( 'NONE',  ( -0.003976774773424467460, 0.03261939702580164691, -0.1271588861989398633 ) ) ;
#347 =( BOUNDED_SURFACE ( )  B_SPLINE_SURFACE ( 1, 2, ( 
 ( #1641, #1492, #1003, #484, #1839, #340, #7, #466, #792, #1129, #1829, #657, #308 ),
 ( #995, #637, #1797, #802, #1303, #157, #349, #1664, #176, #1674, #1148, #1457, #2123 ) ),
 .UNSPECIFIED., .F., .F., .F. ) 
 B_SPLINE_SURFACE_WITH_KNOTS ( ( 2, 2 ),
 ( 3, 2, 2, 2, 2, 2, 3 ),
 ( 0.7609089488832450066, 1.000000000000000000 ),
 ( 0.0000000000000000000, 0.08333333333333330095, 0.1666666666666665186, 0.2500000000000000000, 0.3333333333333335369, 0.4166666666666665186, 0.4899999999999999911 ),
 .UNSPECIFIED. ) 
 GEOMETRIC_REPRESENTATION_ITEM ( )  RATIONAL_B_SPLINE_SURFACE ( (
 ( 1.000000000000000000, 0.9659258262890679791, 1.000000000000000000, 0.9659258262890679791, 1.000000000000000000, 0.9659258262890679791, 1.000000000000000000, 0.9659258262890679791, 1.000000000000000000, 0.9659258262890679791, 1.000000000000000000, 0.9700147271343799726, 0.9928035345122510069),
 ( 1.000000000000000000, 0.9659258262890679791, 1.000000000000000000, 0.9659258262890679791, 1.000000000000000000, 0.9659258262890679791, 1.000000000000000000, 0.9659258262890679791, 1.000000000000000000, 0.9659258262890679791, 1.000000000000000000, 0.9700147271343799726, 0.9928035345122510069) ) ) 
 REPRESENTATION_ITEM ( '' )  SURFACE ( )  );
#348 = CARTESIAN_POINT ( 'NONE',  ( 0.002547749542440355414, 0.03795259179312855669, 0.1366179873155939362 ) ) ;
#349 = CARTESIAN_POINT ( 'NONE',  ( -0.1529999999999999971, 0.07974123152059015007, -9.368238606741180121E-18 ) ) ;
#350 = DIRECTION ( 'NONE',  ( -0.0000000000000000000, -1.000000000000000000, -0.0000000000000000000 ) ) ;
#351 = CARTESIAN_POINT ( 'NONE',  ( 0.09175059987892204838, 0.3596089078929972649, -0.01499999999999999944 ) ) ;
#352 = ORIENTED_EDGE ( 'NONE', *, *, #1348, .F. ) ;
#353 = CARTESIAN_POINT ( 'NONE',  ( -0.08418584287042089886, 0.06000000000000001860, 0.08418584287042089886 ) ) ;
#354 = EDGE_CURVE ( 'NONE', #920, #107, #559, .T. ) ;
#355 = CARTESIAN_POINT ( 'NONE',  ( 0.008015520580684463992, 0.01754659247424753682, 0.1527902749863772613 ) ) ;
#356 = CARTESIAN_POINT ( 'NONE',  ( -0.001578566205625777687, 0.04156963324797323389, -0.1284451679397795310 ) ) ;
#357 = CARTESIAN_POINT ( 'NONE',  ( -0.1529999999999999694, 0.07140789818725687410, -0.04099622644196177640 ) ) ;
#358 = VECTOR ( 'NONE', #1109, 39.37007874015748143 ) ;
#359 = CARTESIAN_POINT ( 'NONE',  ( 0.1120037735580390464, 0.06000000000000001860, -0.1120037735580373950 ) ) ;
#360 = CARTESIAN_POINT ( 'NONE',  ( 0.09756438819605513235, 0.1680177585899230164, 0.01499999999999999944 ) ) ;
#361 = AXIS2_PLACEMENT_3D ( 'NONE', #1730, #239, #756 ) ;
#362 = ORIENTED_EDGE ( 'NONE', *, *, #928, .F. ) ;
#363 = CARTESIAN_POINT ( 'NONE',  ( -0.1150000000000001160, 0.02666666666666668573, -0.03081415712957915470 ) ) ;
#364 = CARTESIAN_POINT ( 'NONE',  ( -0.009999999999996610558, 0.5097708054209537654, -0.1191829417018428483 ) ) ;
#365 = CARTESIAN_POINT ( 'NONE',  ( 0.01499999999999999944, 0.1250000000000000000, -4.286122238378314888E-18 ) ) ;
#366 = ADVANCED_FACE ( 'NONE', ( #1710 ), #398, .F. ) ;
#367 = CARTESIAN_POINT ( 'NONE',  ( -0.1120037735580382277, 0.05474123152059018338, -0.1120037735580382277 ) ) ;
#368 = CARTESIAN_POINT ( 'NONE',  ( 0.1169792202529244124, 0.01500000000000000291, 0.09926849672373878886 ) ) ;
#369 = DIRECTION ( 'NONE',  ( -0.0000000000000000000, 1.000000000000000000, -0.0000000000000000000 ) ) ;
#370 = CARTESIAN_POINT ( 'NONE',  ( -0.09886859966642598530, 0.1250000000000000000, -0.01499999999999999944 ) ) ;
#371 = ORIENTED_EDGE ( 'NONE', *, *, #397, .F. ) ;
#372 = CARTESIAN_POINT ( 'NONE',  ( 0.1217089477800704644, 0.4062583377399779372, -0.01499999999999999944 ) ) ;
#373 = ORIENTED_EDGE ( 'NONE', *, *, #207, .F. ) ;
#374 = CARTESIAN_POINT ( 'NONE',  ( -0.1120956939275597891, 0.02034663016066622435, -0.05540533052665687352 ) ) ;
#375 = CARTESIAN_POINT ( 'NONE',  ( -0.002159706017624440921, 0.03940078994329322681, -0.1333499027900462708 ) ) ;
#376 = CARTESIAN_POINT ( 'NONE',  ( -0.1229390222998474475, 0.1000000000000000056, 0.09107687300274214248 ) ) ;
#377 = FACE_OUTER_BOUND ( 'NONE', #1617, .T. ) ;
#378 = EDGE_CURVE ( 'NONE', #1392, #151, #1076, .T. ) ;
#379 = CARTESIAN_POINT ( 'NONE',  ( -0.006616861532329180659, 0.02276645910517934024, -0.1528605188269902271 ) ) ;
#380 = CARTESIAN_POINT ( 'NONE',  ( 0.01499999999999999944, 0.5280000000000000249, -0.08663291366742538469 ) ) ;
#381 = ADVANCED_FACE ( 'NONE', ( #728 ), #1604, .F. ) ;
#382 = ORIENTED_EDGE ( 'NONE', *, *, #855, .T. ) ;
#383 = CARTESIAN_POINT ( 'NONE',  ( 0.1228572306927575991, 0.4064030219849739667, -0.004999999999996361522 ) ) ;
#384 = EDGE_LOOP ( 'NONE', ( #789, #77, #64, #835 ) ) ;
#385 = CARTESIAN_POINT ( 'NONE',  ( -0.008697877977611319714, 0.01499999999999999944, 0.6040756493107657388 ) ) ;
#386 = CARTESIAN_POINT ( 'NONE',  ( -0.004109434696742334317, 0.03212430345185109115, -0.1496734086605050751 ) ) ;
#387 = CARTESIAN_POINT ( 'NONE',  ( 0.005013742406855166596, 0.5120957157809624682, -0.1193985656200396983 ) ) ;
#388 = LINE ( 'NONE', #2050, #775 ) ;
#389 = AXIS2_PLACEMENT_3D ( 'NONE', #116, #1439, #1504 ) ;
#390 = AXIS2_PLACEMENT_3D ( 'NONE', #241, #856, #1698 ) ;
#391 = CARTESIAN_POINT ( 'NONE',  ( -0.09070399427521447233, 0.3940726199108644523, 0.01499999999999999944 ) ) ;
#392 = EDGE_CURVE ( 'NONE', #1552, #1743, #774, .T. ) ;
#393 = CARTESIAN_POINT ( 'NONE',  ( 0.0000000000000000000, 0.01499999999999999944, 0.0000000000000000000 ) ) ;
#394 = AXIS2_PLACEMENT_3D ( 'NONE', #60, #543, #883 ) ;
#395 = ORIENTED_EDGE ( 'NONE', *, *, #1587, .T. ) ;
#396 = VECTOR ( 'NONE', #1582, 39.37007874015748854 ) ;
#397 = EDGE_CURVE ( 'NONE', #947, #1552, #594, .T. ) ;
#398 = PLANE ( 'NONE',  #979 ) ;
#399 = AXIS2_PLACEMENT_3D ( 'NONE', #1804, #472, #2112 ) ;
#400 = ORIENTED_EDGE ( 'NONE', *, *, #1754, .F. ) ;
#401 = CARTESIAN_POINT ( 'NONE',  ( 0.04099622644196072169, -0.006666666666666660156, 0.1530000000000003857 ) ) ;
#402 = CARTESIAN_POINT ( 'NONE',  ( -0.1236754507398287461, 0.01499999999999999944, -0.09007431867241733059 ) ) ;
#403 =( BOUNDED_CURVE ( )  B_SPLINE_CURVE ( 1, ( #1422, #592 ),
 .UNSPECIFIED., .F., .T. ) 
 B_SPLINE_CURVE_WITH_KNOTS ( ( 2, 2 ),
 ( 0.0002111451078229989139, 0.0009652000000000022107 ),
 .UNSPECIFIED. ) 
 CURVE ( )  GEOMETRIC_REPRESENTATION_ITEM ( )  RATIONAL_B_SPLINE_CURVE ( ( 0.9889616070548157278, 0.9889616070548157278 ) ) 
 REPRESENTATION_ITEM ( '' )  );
#404 = DIRECTION ( 'NONE',  ( 0.0000000000000000000, -1.000000000000000000, 0.0000000000000000000 ) ) ;
#405 = CARTESIAN_POINT ( 'NONE',  ( 0.1261024347698374293, 0.04164273310856080046, -0.02677146480627395908 ) ) ;
#406 = DIRECTION ( 'NONE',  ( -0.0000000000000000000, -1.000000000000000000, -0.0000000000000000000 ) ) ;
#407 = CARTESIAN_POINT ( 'NONE',  ( -0.09562787314286998186, 0.2318815179278103933, -0.01499999999999999944 ) ) ;
#408 = VERTEX_POINT ( 'NONE', #1275 ) ;
#409 = ADVANCED_FACE ( 'NONE', ( #1616, #1802 ), #1486, .F. ) ;
#410 = EDGE_LOOP ( 'NONE', ( #1440, #889, #922, #417 ) ) ;
#411 = CARTESIAN_POINT ( 'NONE',  ( 0.08276130703628369056, 0.1000000000000079436, -0.1291560704991503994 ) ) ;
#412 = DIRECTION ( 'NONE',  ( 0.0000000000000000000, -0.9995511882695526928, -0.02995700300305643646 ) ) ;
#413 = DIRECTION ( 'NONE',  ( 0.02995700300305643646, -0.9995511882695526928, 0.0000000000000000000 ) ) ;
#414 =( NAMED_UNIT ( * ) PLANE_ANGLE_UNIT ( ) SI_UNIT ( $, .RADIAN. ) );
#415 = FACE_OUTER_BOUND ( 'NONE', #2111, .T. ) ;
#416 = CARTESIAN_POINT ( 'NONE',  ( -0.1310000000000000331, 0.08408441877127677266, -0.02491738234831420221 ) ) ;
#417 = ORIENTED_EDGE ( 'NONE', *, *, #672, .F. ) ;
#418 = CARTESIAN_POINT ( 'NONE',  ( 0.05750000000000078659, 0.06833333333333327375, -0.09959292143521003560 ) ) ;
#419 = ORIENTED_EDGE ( 'NONE', *, *, #109, .T. ) ;
#420 = CARTESIAN_POINT ( 'NONE',  ( 0.1530000000000003857, 0.08807456485392352319, -0.04099622644196072169 ) ) ;
#421 = CARTESIAN_POINT ( 'NONE',  ( 0.0000000000000000000, 0.5120957157809624682, 0.1193985656200396844 ) ) ;
#422 = CARTESIAN_POINT ( 'NONE',  ( -0.01499999999999999944, 0.5219308209623410022, -0.09730144789173596209 ) ) ;
#423 = ORIENTED_EDGE ( 'NONE', *, *, #1857, .F. ) ;
#424 = CARTESIAN_POINT ( 'NONE',  ( 0.01499999999999999944, 0.1250000000000000000, 0.1301383878799795280 ) ) ;
#425 = ORIENTED_EDGE ( 'NONE', *, *, #319, .T. ) ;
#426 = CARTESIAN_POINT ( 'NONE',  ( 0.007165765149039222959, 0.08304590799002163626, -0.1147765298736150713 ) ) ;
#427 = CONICAL_SURFACE ( 'NONE', #1297, 0.06800000000000000488, 0.08289781924796163493 ) ;
#428 = ORIENTED_EDGE ( 'NONE', *, *, #354, .T. ) ;
#429 = CARTESIAN_POINT ( 'NONE',  ( 0.06337443900406035391, 0.1000000000000079298, -0.1396939689824015507 ) ) ;
#430 = AXIS2_PLACEMENT_3D ( 'NONE', #1733, #537, #1206 ) ;
#431 = LINE ( 'NONE', #745, #1014 ) ;
#432 = SURFACE_SIDE_STYLE ('',( #2089 ) ) ;
#433 = EDGE_CURVE ( 'NONE', #1549, #1234, #3, .T. ) ;
#434 = DIRECTION ( 'NONE',  ( 3.639233909645338148E-18, -0.9995583643205788738, 0.02971660002034149511 ) ) ;
#435 = ORIENTED_EDGE ( 'NONE', *, *, #1281, .T. ) ;
#436 = CARTESIAN_POINT ( 'NONE',  ( 0.0000000000000000000, 0.1250000000000000000, 0.0000000000000000000 ) ) ;
#437 = ORIENTED_EDGE ( 'NONE', *, *, #2060, .T. ) ;
#438 = FACE_OUTER_BOUND ( 'NONE', #1681, .T. ) ;
#439 = ORIENTED_EDGE ( 'NONE', *, *, #1600, .F. ) ;
#440 = CARTESIAN_POINT ( 'NONE',  ( 0.1529999999999999971, 0.03500000000000000333, 1.077762147106212461E-15 ) ) ;
#441 = CARTESIAN_POINT ( 'NONE',  ( 0.01499999999999999944, 0.5280000000000000249, 0.08663291366742519040 ) ) ;
#442 = LENGTH_MEASURE_WITH_UNIT ( LENGTH_MEASURE( 0.02539999999999999897 ), #1238 );
#443 = DIRECTION ( 'NONE',  ( 0.0000000000000000000, 1.000000000000000000, 0.0000000000000000000 ) ) ;
#444 = EDGE_CURVE ( 'NONE', #1760, #786, #1851, .T. ) ;
#445 = ORIENTED_EDGE ( 'NONE', *, *, #722, .T. ) ;
#446 = CARTESIAN_POINT ( 'NONE',  ( -0.1529999999999999971, 0.03500000000000000333, -9.368238606741180121E-18 ) ) ;
#447 = VERTEX_POINT ( 'NONE', #470 ) ;
#448 = DIRECTION ( 'NONE',  ( 0.0000000000000000000, 0.0000000000000000000, 1.000000000000000000 ) ) ;
#449 = ADVANCED_FACE ( 'NONE', ( #438 ), #155, .T. ) ;
#450 = ORIENTED_EDGE ( 'NONE', *, *, #962, .T. ) ;
#451 = CARTESIAN_POINT ( 'NONE',  ( 0.1247858877718605181, 0.1000000000000000056, -0.08273064968726805135 ) ) ;
#452 = B_SPLINE_CURVE_WITH_KNOTS ( 'NONE', 3,
 ( #869, #2034, #355, #1200, #68, #1344, #505 ),
 .UNSPECIFIED., .F., .F.,
 ( 4, 3, 4 ),
 ( 0.0004950026065788990090, 0.0005954605942240713372, 0.0009068225387574952671 ),
 .UNSPECIFIED. ) ;
#453 = CARTESIAN_POINT ( 'NONE',  ( 0.1246115758456053241, 0.1000000000000000056, -0.04040983995606684670 ) ) ;
#454 = CARTESIAN_POINT ( 'NONE',  ( 0.01499999999999999944, 0.5158387266591579756, -0.1079569419507630662 ) ) ;
#455 = CARTESIAN_POINT ( 'NONE',  ( -0.03105764608176442287, 0.01500000000000000812, -0.1502422528936507296 ) ) ;
#456 = ORIENTED_EDGE ( 'NONE', *, *, #2084, .T. ) ;
#457 = DIRECTION ( 'NONE',  ( 1.224646799147352961E-16, 0.0000000000000000000, -1.000000000000000000 ) ) ;
#458 = EDGE_LOOP ( 'NONE', ( #1756, #221, #865, #771, #1811, #487, #1852, #1826, #622, #67, #1942, #1089, #285 ) ) ;
#459 = CARTESIAN_POINT ( 'NONE',  ( -0.01500000000000007924, 0.5120957157809624682, 0.1185369535000191932 ) ) ;
#460 = EDGE_CURVE ( 'NONE', #1709, #1340, #1637, .T. ) ;
#461 = EDGE_LOOP ( 'NONE', ( #1368, #934, #1989, #256 ) ) ;
#462 = CIRCLE ( 'NONE', #1924, 0.1000000000000000056 ) ;
#463 = CARTESIAN_POINT ( 'NONE',  ( 0.09886859966642598530, 0.1250000000000000000, 0.01499999999999999944 ) ) ;
#464 = DIRECTION ( 'NONE',  ( 0.0000000000000000000, -1.000000000000000000, 0.0000000000000000000 ) ) ;
#465 = AXIS2_PLACEMENT_3D ( 'NONE', #1237, #82, #733 ) ;
#466 = CARTESIAN_POINT ( 'NONE',  ( -0.1529999999999999416, 0.04333333333333332094, 0.04099622644196170007 ) ) ;
#467 = CARTESIAN_POINT ( 'NONE',  ( -0.1529999999999999416, 0.08807456485392352319, 0.04099622644196170007 ) ) ;
#468 = FACE_OUTER_BOUND ( 'NONE', #324, .T. ) ;
#469 = ORIENTED_EDGE ( 'NONE', *, *, #831, .F. ) ;
#470 = CARTESIAN_POINT ( 'NONE',  ( 0.0000000000000000000, 0.1571943439279746002, -0.07982665463997913602 ) ) ;
#471 = ORIENTED_EDGE ( 'NONE', *, *, #2012, .F. ) ;
#472 = DIRECTION ( 'NONE',  ( 0.0000000000000000000, -1.000000000000000000, 0.0000000000000000000 ) ) ;
#473 = ADVANCED_FACE ( 'NONE', ( #630 ), #1769, .F. ) ;
#474 = DIRECTION ( 'NONE',  ( 0.0000000000000000000, 0.0000000000000000000, -1.000000000000000000 ) ) ;
#475 = DIRECTION ( 'NONE',  ( 0.0000000000000000000, -1.000000000000000000, 0.0000000000000000000 ) ) ;
#476 = CARTESIAN_POINT ( 'NONE',  ( 0.1325018867790185018, 0.06307456485392362588, 0.07650000000000098388 ) ) ;
#477 = ORIENTED_EDGE ( 'NONE', *, *, #1416, .F. ) ;
#478 = LINE ( 'NONE', #674, #1789 ) ;
#479 = VERTEX_POINT ( 'NONE', #1978 ) ;
#480 = DIRECTION ( 'NONE',  ( 0.0000000000000000000, -1.000000000000000000, 0.0000000000000000000 ) ) ;
#481 = ORIENTED_EDGE ( 'NONE', *, *, #1726, .F. ) ;
#482 = LINE ( 'NONE', #1454, #1160 ) ;
#483 = DIRECTION ( 'NONE',  ( 0.2588190451025215166, 0.9659258262890679791, 0.0000000000000000000 ) ) ;
#484 = CARTESIAN_POINT ( 'NONE',  ( -0.1120037735580382277, 0.01000000000000001062, -0.1120037735580382277 ) ) ;
#485 = ADVANCED_FACE ( 'NONE', ( #1441 ), #697, .T. ) ;
#486 = CARTESIAN_POINT ( 'NONE',  ( 1.076732819824180080E-17, 0.5280000000000000249, 0.08792190699994835434 ) ) ;
#487 = ORIENTED_EDGE ( 'NONE', *, *, #161, .F. ) ;
#488 = CARTESIAN_POINT ( 'NONE',  ( 0.09369003332343538160, 0.2957452371150572357, -0.01499999999999999944 ) ) ;
#489 = CARTESIAN_POINT ( 'NONE',  ( 0.1187053540961602177, 0.02440056638801665553, 0.04096129364717619736 ) ) ;
#490 = VERTEX_POINT ( 'NONE', #787 ) ;
#491 = CARTESIAN_POINT ( 'NONE',  ( 0.0000000000000000000, 0.1250000000000000000, 0.1310000000000000053 ) ) ;
#492 = CONICAL_SURFACE ( 'NONE', #603, 0.08711270473939901338, 0.09837655957675923990 ) ;
#493 = TOROIDAL_SURFACE ( 'NONE', #632, -0.1310000000000000053, 0.2620000000000000107 ) ;
#494 = CARTESIAN_POINT ( 'NONE',  ( 0.0000000000000000000, 0.5280000000000000249, 0.0000000000000000000 ) ) ;
#495 = CARTESIAN_POINT ( 'NONE',  ( -0.01499999999999999944, 0.4050454199496293373, 0.09037099110323992823 ) ) ;
#496 = CONICAL_SURFACE ( 'NONE', #1259, 0.08449999999999999178, 0.02972097543023278707 ) ;
#497 = CIRCLE ( 'NONE', #1436, 0.1310000000000000053 ) ;
#498 = CARTESIAN_POINT ( 'NONE',  ( 0.09959292143521003560, 0.08079425586381319691, 0.05750000000000071027 ) ) ;
#499 = AXIS2_PLACEMENT_3D ( 'NONE', #1425, #2093, #1767 ) ;
#500 = EDGE_CURVE ( 'NONE', #786, #2109, #1818, .T. ) ;
#501 = ORIENTED_EDGE ( 'NONE', *, *, #1202, .T. ) ;
#502 = DIRECTION ( 'NONE',  ( 0.06231100129599318610, 4.493171042210959007E-16, -0.9980567815096947903 ) ) ;
#503 = ORIENTED_EDGE ( 'NONE', *, *, #397, .T. ) ;
#504 = DIRECTION ( 'NONE',  ( 0.0000000000000000000, 1.000000000000000000, 0.0000000000000000000 ) ) ;
#505 = CARTESIAN_POINT ( 'NONE',  ( 0.004501813313374842911, 0.03065992651877102321, 0.1529337558451094592 ) ) ;
#506 = CARTESIAN_POINT ( 'NONE',  ( 0.01499999999999999944, 0.1423240980678852907, 0.09834342346740872209 ) ) ;
#507 = DIRECTION ( 'NONE',  ( 0.0000000000000000000, 0.0000000000000000000, 1.000000000000000000 ) ) ;
#508 = EDGE_LOOP ( 'NONE', ( #1494, #1414, #1625, #4 ) ) ;
#509 = CARTESIAN_POINT ( 'NONE',  ( 0.0000000000000000000, 0.1250000000000000000, 0.0000000000000000000 ) ) ;
#510 = ORIENTED_EDGE ( 'NONE', *, *, #294, .T. ) ;
#511 = EDGE_CURVE ( 'NONE', #1392, #829, #840, .T. ) ;
#512 = FACE_OUTER_BOUND ( 'NONE', #1342, .T. ) ;
#513 = CARTESIAN_POINT ( 'NONE',  ( -0.1279961560272039334, 0.03637638024315994340, 0.005700374483867125426 ) ) ;
#514 = DIRECTION ( 'NONE',  ( 1.014043132560549780E-17, -0.9965659430416859976, 0.08280290556155180115 ) ) ;
#515 = CARTESIAN_POINT ( 'NONE',  ( 0.0000000000000000000, 0.5120957157809624682, -0.1193985656200396844 ) ) ;
#516 = CARTESIAN_POINT ( 'NONE',  ( 0.1530000000000003857, 0.04333333333333332787, -0.04099622644196072169 ) ) ;
#517 = CARTESIAN_POINT ( 'NONE',  ( -0.02069849382727429951, 0.1000000000000000056, 0.1520056362873680178 ) ) ;
#518 = B_SPLINE_CURVE_WITH_KNOTS ( 'NONE', 3,
 ( #1495, #660, #1328, #2000 ),
 .UNSPECIFIED., .F., .F.,
 ( 4, 4 ),
 ( 0.0003810000000000003163, 0.0007619999999999999820 ),
 .UNSPECIFIED. ) ;
#519 = ORIENTED_EDGE ( 'NONE', *, *, #1857, .T. ) ;
#520 = CARTESIAN_POINT ( 'NONE',  ( -0.007165765149038428455, 0.08304590799002163626, 0.1147765298736150713 ) ) ;
#521 = DIRECTION ( 'NONE',  ( 0.0000000000000000000, 0.0000000000000000000, 1.000000000000000000 ) ) ;
#522 = DIRECTION ( 'NONE',  ( 1.202823052073676062E-17, -0.9951649276153001766, 0.09821795581478091897 ) ) ;
#523 = AXIS2_PLACEMENT_3D ( 'NONE', #997, #804, #975 ) ;
#524 = CARTESIAN_POINT ( 'NONE',  ( 0.0000000000000000000, 0.5097869938180542571, 0.1194677590656458011 ) ) ;
#525 = CIRCLE ( 'NONE', #91, 0.1310000000000000053 ) ;
#526 = DIRECTION ( 'NONE',  ( 0.0000000000000000000, 0.0000000000000000000, -1.000000000000000000 ) ) ;
#527 = CIRCLE ( 'NONE', #389, 0.08242191837521850584 ) ;
#528 = EDGE_LOOP ( 'NONE', ( #302, #1488, #1936, #727, #1903 ) ) ;
#529 = CARTESIAN_POINT ( 'NONE',  ( -0.1120037735580382277, 0.01000000000000001062, -0.1120037735580382277 ) ) ;
#530 = EDGE_LOOP ( 'NONE', ( #1274, #1262 ) ) ;
#531 = CARTESIAN_POINT ( 'NONE',  ( -0.09967820956012519995, 0.01499999999999999944, -0.07259683921833701148 ) ) ;
#532 = ADVANCED_FACE ( 'NONE', ( #621 ), #1004, .F. ) ;
#533 = DIRECTION ( 'NONE',  ( 0.0000000000000000000, 0.0000000000000000000, 1.000000000000000000 ) ) ;
#534 = DIRECTION ( 'NONE',  ( 2.664535259100375697E-15, 0.0000000000000000000, 1.000000000000000000 ) ) ;
#535 = DIRECTION ( 'NONE',  ( 0.0000000000000000000, -1.000000000000000000, 0.0000000000000000000 ) ) ;
#536 = CARTESIAN_POINT ( 'NONE',  ( -0.01499999999999999944, 0.5097381529686614288, -0.1186076107280600450 ) ) ;
#537 = DIRECTION ( 'NONE',  ( -1.639989767676029929E-17, -4.915123804745440460E-19, 1.000000000000000000 ) ) ;
#538 = ORIENTED_EDGE ( 'NONE', *, *, #1315, .F. ) ;
#539 = ORIENTED_EDGE ( 'NONE', *, *, #693, .T. ) ;
#540 = CARTESIAN_POINT ( 'NONE',  ( -0.03411544839338374879, 0.07563575448355555619, 0.1130939986001690545 ) ) ;
#541 = ORIENTED_EDGE ( 'NONE', *, *, #690, .F. ) ;
#542 = CARTESIAN_POINT ( 'NONE',  ( -0.1238461981321934829, 0.04427972530449036243, 0.03707801469605049444 ) ) ;
#543 = DIRECTION ( 'NONE',  ( 0.0000000000000000000, -1.000000000000000000, 0.0000000000000000000 ) ) ;
#544 =( BOUNDED_CURVE ( )  B_SPLINE_CURVE ( 2, ( #1699, #416, #2073, #242, #887 ),
 .UNSPECIFIED., .F., .T. ) 
 B_SPLINE_CURVE_WITH_KNOTS ( ( 3, 2, 3 ),
 ( 1.012459081500908951E-16, 0.001282327323356001036, 0.002352538841573134035 ),
 .UNSPECIFIED. ) 
 CURVE ( )  GEOMETRIC_REPRESENTATION_ITEM ( )  RATIONAL_B_SPLINE_CURVE ( ( 0.9861706953697970679, 0.9755702637963485913, 1.000000000000000000, 0.9796113015795908652, 0.9836222570909232132 ) ) 
 REPRESENTATION_ITEM ( '' )  );
#545 = ADVANCED_FACE ( 'NONE', ( #713 ), #240, .T. ) ;
#546 = DIRECTION ( 'NONE',  ( 0.0000000000000000000, 1.000000000000000000, 0.0000000000000000000 ) ) ;
#547 = CARTESIAN_POINT ( 'NONE',  ( 0.09275120075802145703, 0.05991509954917987463, -0.09224745875310341736 ) ) ;
#548 = EDGE_CURVE ( 'NONE', #659, #1549, #1988, .T. ) ;
#549 = DIRECTION ( 'NONE',  ( 0.0000000000000000000, -1.000000000000000000, 0.0000000000000000000 ) ) ;
#550 =( NAMED_UNIT ( * ) PLANE_ANGLE_UNIT ( ) SI_UNIT ( $, .RADIAN. ) );
#551 = ORIENTED_EDGE ( 'NONE', *, *, #2143, .F. ) ;
#552 = DIRECTION ( 'NONE',  ( 0.0000000000000000000, -1.000000000000000000, 0.0000000000000000000 ) ) ;
#553 = ORIENTED_EDGE ( 'NONE', *, *, #1487, .T. ) ;
#554 = CARTESIAN_POINT ( 'NONE',  ( 0.1120037735580390603, 0.06000000000000001860, -0.1120037735580373950 ) ) ;
#555 = LINE ( 'NONE', #1520, #1820 ) ;
#556 = CARTESIAN_POINT ( 'NONE',  ( -0.04307777041107578586, 0.03856313826469805195, -0.1517982200291019546 ) ) ;
#557 = CARTESIAN_POINT ( 'NONE',  ( 0.1117993910727957119, 0.05208078846636263887, -0.06664919436512342643 ) ) ;
#558 =( BOUNDED_SURFACE ( )  B_SPLINE_SURFACE ( 3, 1, ( 
 ( #1868, #1012 ),
 ( #194, #696 ),
 ( #686, #1362 ),
 ( #1703, #227 ) ),
 .UNSPECIFIED., .F., .F., .F. ) 
 B_SPLINE_SURFACE_WITH_KNOTS ( ( 4, 4 ),
 ( 2, 2 ),
 ( 0.0000000000000000000, 1.000000000000000000 ),
 ( 0.0000000000000000000, 1.000000000000000000 ),
 .UNSPECIFIED. ) 
 GEOMETRIC_REPRESENTATION_ITEM ( )  RATIONAL_B_SPLINE_SURFACE ( (
 ( 1.000000000000000000, 1.000000000000000000),
 ( 0.9956152054960789588, 0.9956152054960789588),
 ( 0.9956152054960789588, 0.9956152054960789588),
 ( 1.000000000000000000, 1.000000000000000000) ) ) 
 REPRESENTATION_ITEM ( '' )  SURFACE ( )  );
#559 = CIRCLE ( 'NONE', #809, 0.02000000000000000042 ) ;
#560 = CARTESIAN_POINT ( 'NONE',  ( 0.0000000000000000000, 0.1250000000000000000, 0.0000000000000000000 ) ) ;
#561 = CARTESIAN_POINT ( 'NONE',  ( -0.01499999999999999944, 0.1250000000000000000, -0.09886859966642598530 ) ) ;
#562 = ADVANCED_FACE ( 'NONE', ( #377 ), #1731, .T. ) ;
#563 = CIRCLE ( 'NONE', #599, 0.01149999999999999981 ) ;
#564 = VERTEX_POINT ( 'NONE', #895 ) ;
#565 = AXIS2_PLACEMENT_3D ( 'NONE', #1060, #1431, #2088 ) ;
#566 = CARTESIAN_POINT ( 'NONE',  ( 0.1150000000000003103, 0.04333333333333332094, -0.03081415712957830469 ) ) ;
#567 = VECTOR ( 'NONE', #181, 39.37007874015748854 ) ;
#568 = ORIENTED_EDGE ( 'NONE', *, *, #500, .F. ) ;
#569 = CARTESIAN_POINT ( 'NONE',  ( 0.009533583198286963226, 0.1277871395106117691, -0.1527026875709834308 ) ) ;
#570 = DIRECTION ( 'NONE',  ( 0.0000000000000000000, 0.0000000000000000000, -1.000000000000000000 ) ) ;
#571 = FACE_OUTER_BOUND ( 'NONE', #1507, .T. ) ;
#572 = CARTESIAN_POINT ( 'NONE',  ( 0.01499999999999999944, 0.5280000000000000249, 0.08663291366742519040 ) ) ;
#573 = CARTESIAN_POINT ( 'NONE',  ( 1.034826545279513326E-17, 6.829619984160649418E-17, 0.08449999999999999178 ) ) ;
#574 = CARTESIAN_POINT ( 'NONE',  ( -0.01499999999999999944, 0.1336620493902986595, -0.09860602332318769980 ) ) ;
#575 = VERTEX_POINT ( 'NONE', #1225 ) ;
#576 = CARTESIAN_POINT ( 'NONE',  ( -8.030411730551573270E-16, -0.01499999999999999944, 0.1150000000000000050 ) ) ;
#577 = EDGE_CURVE ( 'NONE', #719, #595, #74, .T. ) ;
#578 = ORIENTED_EDGE ( 'NONE', *, *, #1740, .F. ) ;
#579 = CARTESIAN_POINT ( 'NONE',  ( 0.0000000000000000000, 6.829619984160649418E-17, -0.08449999999999999178 ) ) ;
#580 = CARTESIAN_POINT ( 'NONE',  ( 0.0000000000000000000, 0.1250000000000000000, -0.01499999999999999944 ) ) ;
#581 = B_SPLINE_CURVE_WITH_KNOTS ( 'NONE', 3,
 ( #536, #1205, #422, #582 ),
 .UNSPECIFIED., .F., .F.,
 ( 4, 4 ),
 ( 0.003612675482911425779, 0.004547962469813498013 ),
 .UNSPECIFIED. ) ;
#582 = CARTESIAN_POINT ( 'NONE',  ( -0.01499999999999999944, 0.5280000000000000249, -0.08663291366742519040 ) ) ;
#583 = VERTEX_POINT ( 'NONE', #734 ) ;
#584 = CARTESIAN_POINT ( 'NONE',  ( -0.009533583198285885962, 0.08304590799002165014, 0.1527026875709834586 ) ) ;
#585 = ORIENTED_EDGE ( 'NONE', *, *, #1795, .T. ) ;
#586 = CARTESIAN_POINT ( 'NONE',  ( 0.03411544839338451901, 0.07563575448355555619, -0.1130939986001688602 ) ) ;
#587 = ORIENTED_EDGE ( 'NONE', *, *, #344, .T. ) ;
#588 = CARTESIAN_POINT ( 'NONE',  ( 0.1120037735580373950, 0.05474123152059018338, 0.1120037735580390603 ) ) ;
#589 = EDGE_CURVE ( 'NONE', #1734, #490, #1254, .T. ) ;
#590 = CARTESIAN_POINT ( 'NONE',  ( -0.1217089477800704644, 0.4062583377399779372, -0.01499999999999999944 ) ) ;
#591 = CARTESIAN_POINT ( 'NONE',  ( -0.01499999999999999944, 0.5280000000000000249, 0.01207809300005161304 ) ) ;
#592 = CARTESIAN_POINT ( 'NONE',  ( 0.1236754507398281494, 0.01499999999999999944, 0.09007431867241830203 ) ) ;
#593 =( CONVERSION_BASED_UNIT ( 'INCH', #2091 ) LENGTH_UNIT ( ) NAMED_UNIT ( #707 ) );
#594 = CIRCLE ( 'NONE', #1291, 0.1310000000000000053 ) ;
#595 = VERTEX_POINT ( 'NONE', #1823 ) ;
#596 = CARTESIAN_POINT ( 'NONE',  ( 0.0000000000000000000, 0.1875782876725558823, -0.07892334820432933551 ) ) ;
#597 = ORIENTED_EDGE ( 'NONE', *, *, #207, .T. ) ;
#598 = DIRECTION ( 'NONE',  ( -0.06231100129598622639, 0.0000000000000000000, 0.9980567815096953455 ) ) ;
#599 = AXIS2_PLACEMENT_3D ( 'NONE', #710, #870, #533 ) ;
#600 = CIRCLE ( 'NONE', #1611, 0.08986998651608563149 ) ;
#601 = VERTEX_POINT ( 'NONE', #661 ) ;
#602 = CARTESIAN_POINT ( 'NONE',  ( 0.03164398885976880266, 0.1000000000000000056, -0.1501076083484009227 ) ) ;
#603 = AXIS2_PLACEMENT_3D ( 'NONE', #1480, #2145, #623 ) ;
#604 = ADVANCED_FACE ( 'NONE', ( #1376 ), #1926, .F. ) ;
#605 = CARTESIAN_POINT ( 'NONE',  ( 0.009533583198286968430, 0.1000000000000000056, -0.1527026875709832643 ) ) ;
#606 = DIRECTION ( 'NONE',  ( 0.0000000000000000000, 0.0000000000000000000, 1.000000000000000000 ) ) ;
#607 = EDGE_CURVE ( 'NONE', #920, #1250, #388, .T. ) ;
#608 = CARTESIAN_POINT ( 'NONE',  ( 0.0000000000000000000, 0.5280000000000000249, 0.0000000000000000000 ) ) ;
#609 = SURFACE_STYLE_USAGE ( .BOTH. , #757 ) ;
#610 = ORIENTED_EDGE ( 'NONE', *, *, #1861, .T. ) ;
#611 = ORIENTED_EDGE ( 'NONE', *, *, #1577, .T. ) ;
#612 = CARTESIAN_POINT ( 'NONE',  ( 0.0000000000000000000, 0.1795551952875370227, 0.1310000000000000053 ) ) ;
#613 = ORIENTED_EDGE ( 'NONE', *, *, #1416, .T. ) ;
#614 = DIRECTION ( 'NONE',  ( 0.0000000000000000000, -1.000000000000000000, 0.0000000000000000000 ) ) ;
#615 = DIRECTION ( 'NONE',  ( 0.0000000000000000000, 0.0000000000000000000, 1.000000000000000000 ) ) ;
#616 = CARTESIAN_POINT ( 'NONE',  ( 0.01499999999999999944, 0.5158387108794803000, 0.1079569694996673629 ) ) ;
#617 = EDGE_CURVE ( 'NONE', #235, #1709, #97, .T. ) ;
#618 = VERTEX_POINT ( 'NONE', #49 ) ;
#619 = DIRECTION ( 'NONE',  ( 0.0000000000000000000, -1.000000000000000000, 0.0000000000000000000 ) ) ;
#620 = ORIENTED_EDGE ( 'NONE', *, *, #1339, .T. ) ;
#621 = FACE_OUTER_BOUND ( 'NONE', #508, .T. ) ;
#622 = ORIENTED_EDGE ( 'NONE', *, *, #1525, .T. ) ;
#623 = DIRECTION ( 'NONE',  ( 0.0000000000000000000, 0.0000000000000000000, -1.000000000000000000 ) ) ;
#624 = DIRECTION ( 'NONE',  ( -1.639989767676029929E-17, 4.915123804745440460E-19, 1.000000000000000000 ) ) ;
#625 = B_SPLINE_CURVE_WITH_KNOTS ( 'NONE', 3,
 ( #27, #2022, #1715, #182, #1188, #1856, #2015, #1685, #1846, #1702, #1529, #542, #695, #513, #1371, #1041, #1867, #2046, #1519, #374, #202, #531 ),
 .UNSPECIFIED., .F., .F.,
 ( 4, 2, 2, 2, 2, 2, 2, 2, 2, 2, 4 ),
 ( 0.0000000000000000000, 0.0008307339852445581960, 0.001246100977866837402, 0.001661467970489116392, 0.002492201955733674805, 0.003322935940978232784, 0.004153669926222790763, 0.004984403911467349610, 0.005399770904089628600, 0.005815137896711907589, 0.006645871881956463834 ),
 .UNSPECIFIED. ) ;
#626 = ORIENTED_EDGE ( 'NONE', *, *, #1256, .T. ) ;
#627 = EDGE_CURVE ( 'NONE', #2127, #31, #71, .T. ) ;
#628 = CARTESIAN_POINT ( 'NONE',  ( -0.1325018867790191124, 0.01833333333333334730, -0.07649999999999999856 ) ) ;
#629 = ORIENTED_EDGE ( 'NONE', *, *, #104, .F. ) ;
#630 = FACE_OUTER_BOUND ( 'NONE', #1143, .T. ) ;
#631 = ORIENTED_EDGE ( 'NONE', *, *, #238, .F. ) ;
#632 = AXIS2_PLACEMENT_3D ( 'NONE', #2090, #443, #1742 ) ;
#633 = CARTESIAN_POINT ( 'NONE',  ( 0.1312884689169283581, 0.1249999999999996669, -0.005022020528009837545 ) ) ;
#634 = AXIS2_PLACEMENT_3D ( 'NONE', #1881, #535, #990 ) ;
#635 = CARTESIAN_POINT ( 'NONE',  ( -0.01499999999999999944, 0.5280000000000000249, -0.1180602948799279600 ) ) ;
#636 = CIRCLE ( 'NONE', #1824, 0.07892334820432933551 ) ;
#637 = CARTESIAN_POINT ( 'NONE',  ( -0.04099622644196177640, 0.03807456485392353429, -0.1529999999999999416 ) ) ;
#638 =( GEOMETRIC_REPRESENTATION_CONTEXT ( 3 ) GLOBAL_UNCERTAINTY_ASSIGNED_CONTEXT ( ( #143 ) ) GLOBAL_UNIT_ASSIGNED_CONTEXT ( ( #593, #2081, #927 ) ) REPRESENTATION_CONTEXT ( 'NONE', 'WORKASPACE' ) );
#639 = CARTESIAN_POINT ( 'NONE',  ( 0.0000000000000000000, 0.5280000000000000249, 0.1189219069999483958 ) ) ;
#640 = CARTESIAN_POINT ( 'NONE',  ( -0.1529999999999999971, 0.07974123152059015007, -9.368238606741180121E-18 ) ) ;
#641 = CARTESIAN_POINT ( 'NONE',  ( 0.01851482336143989507, 0.08054712928638467495, -0.1300991338600197278 ) ) ;
#642 = EDGE_LOOP ( 'NONE', ( #172, #477, #362, #313, #1541 ) ) ;
#643 = CARTESIAN_POINT ( 'NONE',  ( 0.1529999999999997751, 0.02666666666666668573, 0.04099622644196284499 ) ) ;
#644 = PRODUCT_DEFINITION_FORMATION_WITH_SPECIFIED_SOURCE ( 'ANY', '', #2044, .NOT_KNOWN. ) ;
#645 = ORIENTED_EDGE ( 'NONE', *, *, #1675, .T. ) ;
#646 = DIRECTION ( 'NONE',  ( 1.000000000000000000, 0.0000000000000000000, -1.639989767676029929E-17 ) ) ;
#647 = CARTESIAN_POINT ( 'NONE',  ( -0.01499999999999999944, 0.1250000000000000000, -0.1301383878799795280 ) ) ;
#648 = CARTESIAN_POINT ( 'NONE',  ( 0.0000000000000000000, 6.829619984160649418E-17, -0.08449999999999999178 ) ) ;
#649 = CARTESIAN_POINT ( 'NONE',  ( 0.03081415712957834285, 0.05579425586381315388, 0.1150000000000003103 ) ) ;
#650 = CARTESIAN_POINT ( 'NONE',  ( -0.1150000000000000050, 0.09746092253047992926, -7.041486534478662209E-18 ) ) ;
#651 = CARTESIAN_POINT ( 'NONE',  ( 0.01499999999999999944, 0.1509861460152488177, -0.09808079952795235867 ) ) ;
#652 = DIRECTION ( 'NONE',  ( 0.0000000000000000000, -1.000000000000000000, 0.0000000000000000000 ) ) ;
#653 = ORIENTED_EDGE ( 'NONE', *, *, #262, .T. ) ;
#654 = CARTESIAN_POINT ( 'NONE',  ( 0.0000000000000000000, 0.005000000000000000104, 0.0000000000000000000 ) ) ;
#655 = CARTESIAN_POINT ( 'NONE',  ( -0.1194815328160451773, 0.07642342271298602219, -0.05410036952294975526 ) ) ;
#656 = ADVANCED_FACE ( 'NONE', ( #701 ), #260, .T. ) ;
#657 = CARTESIAN_POINT ( 'NONE',  ( -0.04538837916684968637, 0.07563575448355555619, 0.1504641894419641579 ) ) ;
#658 = CARTESIAN_POINT ( 'NONE',  ( 0.1120037735580373950, 0.05474123152059018338, 0.1120037735580390603 ) ) ;
#659 = VERTEX_POINT ( 'NONE', #250 ) ;
#660 = CARTESIAN_POINT ( 'NONE',  ( -0.004999999999999995767, 0.5097869938180542571, 0.1194677590656458011 ) ) ;
#661 = CARTESIAN_POINT ( 'NONE',  ( 9.720634142398221156E-18, 0.1875782876725558823, 0.07892334820432933551 ) ) ;
#662 = ORIENTED_EDGE ( 'NONE', *, *, #84, .T. ) ;
#663 = CIRCLE ( 'NONE', #2003, 0.1233127995205903493 ) ;
#664 = TOROIDAL_SURFACE ( 'NONE', #871, 0.06638074268598681549, 0.02000000000000000042 ) ;
#665 = PLANE ( 'NONE',  #1575 ) ;
#666 = CARTESIAN_POINT ( 'NONE',  ( -0.01499999999999999944, 0.1423240980678852630, 0.09834342346740872209 ) ) ;
#667 = AXIS2_PLACEMENT_3D ( 'NONE', #1622, #2079, #1584 ) ;
#668 = EDGE_CURVE ( 'NONE', #1250, #564, #1594, .T. ) ;
#669 = VECTOR ( 'NONE', #1762, 39.37007874015748854 ) ;
#670 = DIRECTION ( 'NONE',  ( 0.0000000000000000000, 0.0000000000000000000, -1.000000000000000000 ) ) ;
#671 = VECTOR ( 'NONE', #1662, 39.37007874015748143 ) ;
#672 = EDGE_CURVE ( 'NONE', #618, #253, #2136, .T. ) ;
#673 = ORIENTED_EDGE ( 'NONE', *, *, #2099, .F. ) ;
#674 = CARTESIAN_POINT ( 'NONE',  ( 0.0000000000000000000, 0.1250000000000000000, 0.01499999999999999944 ) ) ;
#675 = ORIENTED_EDGE ( 'NONE', *, *, #183, .F. ) ;
#676 = CARTESIAN_POINT ( 'NONE',  ( -0.009533583198285891167, 0.08304590799002163626, 0.1527026875709834308 ) ) ;
#677 = DIRECTION ( 'NONE',  ( 0.0000000000000000000, 0.0000000000000000000, -1.000000000000000000 ) ) ;
#678 = CARTESIAN_POINT ( 'NONE',  ( 0.0000000000000000000, 0.5097869938180542571, -0.1194677590656458011 ) ) ;
#679 = CARTESIAN_POINT ( 'NONE',  ( 0.0000000000000000000, 0.1250000000000000000, 0.0000000000000000000 ) ) ;
#680 = CARTESIAN_POINT ( 'NONE',  ( -0.01499999999999999944, 0.5280000000000000249, 0.1180602948799279600 ) ) ;
#681 = CARTESIAN_POINT ( 'NONE',  ( 0.01499999999999999944, 0.4665227366579071666, -0.08850282936771659836 ) ) ;
#682 = ADVANCED_FACE ( 'NONE', ( #1939 ), #1279, .T. ) ;
#683 = ORIENTED_EDGE ( 'NONE', *, *, #1587, .F. ) ;
#684 = B_SPLINE_CURVE_WITH_KNOTS ( 'NONE', 3,
 ( #2039, #206, #864, #1533 ),
 .UNSPECIFIED., .F., .F.,
 ( 4, 4 ),
 ( 0.002434972882050584573, 0.004103477118856735557 ),
 .UNSPECIFIED. ) ;
#685 = CARTESIAN_POINT ( 'NONE',  ( 0.01451310498159081100, 0.04451731427175497496, 0.1287001236225545076 ) ) ;
#686 = CARTESIAN_POINT ( 'NONE',  ( -0.1228051891398195122, 0.4080547628802202453, 0.005022020528009790707 ) ) ;
#687 = DIRECTION ( 'NONE',  ( 0.0000000000000000000, 0.0000000000000000000, -1.000000000000000000 ) ) ;
#688 = MANIFOLD_SOLID_BREP ( 'Imported1', #121 ) ;
#689 = CARTESIAN_POINT ( 'NONE',  ( 0.04538837916685065088, 0.07563575448355555619, -0.1504641894419637693 ) ) ;
#690 = EDGE_CURVE ( 'NONE', #1308, #1424, #1752, .T. ) ;
#691 = EDGE_LOOP ( 'NONE', ( #144, #1627, #153, #750 ) ) ;
#692 = CARTESIAN_POINT ( 'NONE',  ( -0.09959292143521043805, 0.01833333333333334730, -0.05750000000000000250 ) ) ;
#693 = EDGE_CURVE ( 'NONE', #447, #1052, #1508, .T. ) ;
#694 = ORIENTED_EDGE ( 'NONE', *, *, #511, .F. ) ;
#695 = CARTESIAN_POINT ( 'NONE',  ( -0.1261024347698371517, 0.04164273310856080046, 0.02677146480627482297 ) ) ;
#696 = CARTESIAN_POINT ( 'NONE',  ( -0.1312884689169283581, 0.1249999999999996669, -0.005022020528009837545 ) ) ;
#697 = CONICAL_SURFACE ( 'NONE', #1258, 0.2351052642138527771, 1.047197551196599408 ) ;
#698 =( BOUNDED_SURFACE ( )  B_SPLINE_SURFACE ( 3, 1, ( 
 ( #515, #1514 ),
 ( #387, #228 ),
 ( #1365, #29 ),
 ( #884, #204 ) ),
 .UNSPECIFIED., .F., .F., .F. ) 
 B_SPLINE_SURFACE_WITH_KNOTS ( ( 4, 4 ),
 ( 2, 2 ),
 ( 0.0000000000000000000, 1.000000000000000000 ),
 ( 0.0000000000000000000, 1.000000000000000000 ),
 .UNSPECIFIED. ) 
 GEOMETRIC_REPRESENTATION_ITEM ( )  RATIONAL_B_SPLINE_SURFACE ( (
 ( 1.000000000000000000, 1.000000000000000000),
 ( 0.9989028986504913110, 0.9989028986504913110),
 ( 0.9989028986504913110, 0.9989028986504913110),
 ( 1.000000000000000000, 1.000000000000000000) ) ) 
 REPRESENTATION_ITEM ( '' )  SURFACE ( )  );
#699 = CARTESIAN_POINT ( 'NONE',  ( 0.0000000000000000000, 0.4630000000000000226, 0.0000000000000000000 ) ) ;
#700 = MECHANICAL_DESIGN_GEOMETRIC_PRESENTATION_REPRESENTATION (  '', ( #1190 ), #293 ) ;
#701 = FACE_OUTER_BOUND ( 'NONE', #223, .T. ) ;
#702 = AXIS2_PLACEMENT_3D ( 'NONE', #247, #901, #1078 ) ;
#703 = CARTESIAN_POINT ( 'NONE',  ( -0.08965692350556962731, 0.4285363178062764344, 0.01500000000000000291 ) ) ;
#704 = DIRECTION ( 'NONE',  ( 0.0000000000000000000, 0.0000000000000000000, 1.000000000000000000 ) ) ;
#705 = AXIS2_PLACEMENT_3D ( 'NONE', #772, #796, #1133 ) ;
#706 = EDGE_LOOP ( 'NONE', ( #631, #1900, #1294, #762 ) ) ;
#707 = DIMENSIONAL_EXPONENTS ( 1.000000000000000000, 0.0000000000000000000, 0.0000000000000000000, 0.0000000000000000000, 0.0000000000000000000, 0.0000000000000000000, 0.0000000000000000000 ) ;
#708 = ORIENTED_EDGE ( 'NONE', *, *, #73, .F. ) ;
#709 = CARTESIAN_POINT ( 'NONE',  ( 0.003327522147366685119, 0.03504244081319299320, 0.1431476110667820878 ) ) ;
#710 = CARTESIAN_POINT ( 'NONE',  ( 0.0000000000000000000, 1.235000000000000098, 0.0000000000000000000 ) ) ;
#711 = EDGE_CURVE ( 'NONE', #253, #1552, #1748, .T. ) ;
#712 = CARTESIAN_POINT ( 'NONE',  ( -0.1281363730923860411, 0.09818266059244770694, 0.08406129150638577685 ) ) ;
#713 = FACE_OUTER_BOUND ( 'NONE', #717, .T. ) ;
#714 = CARTESIAN_POINT ( 'NONE',  ( -0.004501813313375913235, 0.03065992651877102321, -0.1529337558451092371 ) ) ;
#715 = CARTESIAN_POINT ( 'NONE',  ( -0.2393020253487531668, 0.1000000000000000056, 0.6164297491599349810 ) ) ;
#716 = ORIENTED_EDGE ( 'NONE', *, *, #433, .F. ) ;
#717 = EDGE_LOOP ( 'NONE', ( #1591, #437, #2054, #2042 ) ) ;
#718 = CARTESIAN_POINT ( 'NONE',  ( -0.01500000000000007924, 0.1249999999999994865, -0.1301383878799795280 ) ) ;
#719 = VERTEX_POINT ( 'NONE', #93 ) ;
#720 = CARTESIAN_POINT ( 'NONE',  ( 0.09411441034269761585, 0.06568707378150111242, 0.09093819257526059019 ) ) ;
#721 = CARTESIAN_POINT ( 'NONE',  ( -0.004501813313375913235, 0.03065992651877102321, -0.1529337558451092371 ) ) ;
#722 = EDGE_CURVE ( 'NONE', #719, #1392, #297, .T. ) ;
#723 = CARTESIAN_POINT ( 'NONE',  ( -0.1529999999999999694, 0.08807456485392350931, 0.04099622644196170007 ) ) ;
#724 = CARTESIAN_POINT ( 'NONE',  ( 0.03908192772319213359, 0.07537125054926520351, -0.1254917985551325388 ) ) ;
#725 = CARTESIAN_POINT ( 'NONE',  ( 0.0000000000000000000, 0.1000000000000000056, 0.0000000000000000000 ) ) ;
#726 =( LENGTH_UNIT ( ) NAMED_UNIT ( * ) SI_UNIT ( $, .METRE. ) );
#727 = ORIENTED_EDGE ( 'NONE', *, *, #1036, .F. ) ;
#728 = FACE_OUTER_BOUND ( 'NONE', #287, .T. ) ;
#729 = ORIENTED_EDGE ( 'NONE', *, *, #1444, .T. ) ;
#730 = CARTESIAN_POINT ( 'NONE',  ( 0.1120037735580390603, 0.1047412315205901862, -0.1120037735580373950 ) ) ;
#731 = CARTESIAN_POINT ( 'NONE',  ( 0.1530000000000003857, 0.08807456485392350931, -0.04099622644196072169 ) ) ;
#732 = B_SPLINE_CURVE_WITH_KNOTS ( 'NONE', 3,
 ( #34, #346, #1000, #1509 ),
 .UNSPECIFIED., .F., .F.,
 ( 4, 4 ),
 ( 0.0001638957354328504439, 0.0008760393264338277829 ),
 .UNSPECIFIED. ) ;
#733 = DIRECTION ( 'NONE',  ( 0.0000000000000000000, 0.0000000000000000000, -1.000000000000000000 ) ) ;
#734 = CARTESIAN_POINT ( 'NONE',  ( 0.0000000000000000000, 0.5550000000000000488, -0.06800000000000000488 ) ) ;
#735 = ADVANCED_FACE ( 'NONE', ( #1751 ), #1094, .F. ) ;
#736 = VECTOR ( 'NONE', #1239, 39.37007874015748854 ) ;
#737 = DIRECTION ( 'NONE',  ( 0.0000000000000000000, 0.0000000000000000000, 1.000000000000000000 ) ) ;
#738 = CARTESIAN_POINT ( 'NONE',  ( -0.08965692350556962731, 0.4285363178062764900, -0.01500000000000000291 ) ) ;
#739 = TOROIDAL_SURFACE ( 'NONE', #1397, 0.2203609726514586808, 0.1380000000000000115 ) ;
#740 = ORIENTED_EDGE ( 'NONE', *, *, #1315, .T. ) ;
#741 = CIRCLE ( 'NONE', #982, 0.1038792144229702813 ) ;
#742 = DIRECTION ( 'NONE',  ( 0.0000000000000000000, 0.0000000000000000000, 1.000000000000000000 ) ) ;
#743 = EDGE_LOOP ( 'NONE', ( #1955, #675, #1040, #1638, #246, #1248 ) ) ;
#744 = DIRECTION ( 'NONE',  ( 0.0000000000000000000, 0.0000000000000000000, 1.000000000000000000 ) ) ;
#745 = CARTESIAN_POINT ( 'NONE',  ( -0.1200083743960653621, 0.4630000000000000226, 0.01499999999999999944 ) ) ;
#746 = CARTESIAN_POINT ( 'NONE',  ( 0.0000000000000000000, 0.1795551952875370227, 0.0000000000000000000 ) ) ;
#747 = CARTESIAN_POINT ( 'NONE',  ( 0.0000000000000000000, 0.1250000000000000000, -0.01499999999999999944 ) ) ;
#748 = PRODUCT_RELATED_PRODUCT_CATEGORY ( 'part', '', ( #2044 ) ) ;
#749 = DIRECTION ( 'NONE',  ( 0.0000000000000000000, 0.0000000000000000000, 1.000000000000000000 ) ) ;
#750 = ORIENTED_EDGE ( 'NONE', *, *, #1444, .F. ) ;
#751 = EDGE_CURVE ( 'NONE', #1743, #1877, #1082, .T. ) ;
#752 = EDGE_LOOP ( 'NONE', ( #469, #9 ) ) ;
#753 = CARTESIAN_POINT ( 'NONE',  ( 0.0000000000000000000, 0.1249999999999994865, -0.1310000000000000053 ) ) ;
#754 = ORIENTED_EDGE ( 'NONE', *, *, #1001, .T. ) ;
#755 = CARTESIAN_POINT ( 'NONE',  ( 0.1530000000000003857, 0.04333333333333332094, -0.04099622644196072169 ) ) ;
#756 = DIRECTION ( 'NONE',  ( 0.0000000000000000000, 0.0000000000000000000, 1.000000000000000000 ) ) ;
#757 = SURFACE_SIDE_STYLE ('',( #1624 ) ) ;
#758 = ORIENTED_EDGE ( 'NONE', *, *, #262, .F. ) ;
#759 = VERTEX_POINT ( 'NONE', #1398 ) ;
#760 = CARTESIAN_POINT ( 'NONE',  ( 0.1325018867790185018, 0.01833333333333334730, 0.07650000000000098388 ) ) ;
#761 = EDGE_CURVE ( 'NONE', #1308, #1172, #888, .T. ) ;
#762 = ORIENTED_EDGE ( 'NONE', *, *, #1447, .T. ) ;
#763 = CARTESIAN_POINT ( 'NONE',  ( 0.07956703228003686457, 0.06106379254018905189, 0.1035814180611051294 ) ) ;
#764 = B_SPLINE_CURVE_WITH_KNOTS ( 'NONE', 3,
 ( #263, #1071, #915, #1576 ),
 .UNSPECIFIED., .F., .F.,
 ( 4, 4 ),
 ( 0.004400459430966408188, 0.006069001938391447096 ),
 .UNSPECIFIED. ) ;
#765 = EDGE_CURVE ( 'NONE', #1803, #188, #968, .T. ) ;
#766 = CARTESIAN_POINT ( 'NONE',  ( 0.0000000000000000000, 0.1249999999999994865, 0.1310000000000000053 ) ) ;
#767 = CARTESIAN_POINT ( 'NONE',  ( 0.01499999999999999944, 0.5097381529686614288, -0.1186076107280600450 ) ) ;
#768 = CARTESIAN_POINT ( 'NONE',  ( -0.09886859966642598530, 0.1250000000000000000, -0.01499999999999999944 ) ) ;
#769 = TOROIDAL_SURFACE ( 'NONE', #939, 0.06638074268598681549, 0.02000000000000000042 ) ;
#770 = VECTOR ( 'NONE', #1181, 39.37007874015748143 ) ;
#771 = ORIENTED_EDGE ( 'NONE', *, *, #1993, .F. ) ;
#772 = CARTESIAN_POINT ( 'NONE',  ( 8.129296405541782619E-18, 0.1720000000000000140, 0.06638074268598681549 ) ) ;
#773 = ORIENTED_EDGE ( 'NONE', *, *, #294, .F. ) ;
#774 = LINE ( 'NONE', #612, #358 ) ;
#775 = VECTOR ( 'NONE', #1704, 39.37007874015748854 ) ;
#776 = AXIS2_PLACEMENT_3D ( 'NONE', #1928, #2113, #615 ) ;
#777 = VERTEX_POINT ( 'NONE', #1289 ) ;
#778 = CARTESIAN_POINT ( 'NONE',  ( 0.1266058920093675322, 0.1000000000000000056, -0.05736615130241743549 ) ) ;
#779 = CONICAL_SURFACE ( 'NONE', #1607, 0.1000000000000000056, 0.02996148549257007104 ) ;
#780 = CARTESIAN_POINT ( 'NONE',  ( 0.01499999999999999944, 0.5280000000000000249, -0.01207809300005161304 ) ) ;
#781 = ADVANCED_FACE ( 'NONE', ( #1960 ), #347, .F. ) ;
#782 = DIRECTION ( 'NONE',  ( -1.000000000000000000, 0.0000000000000000000, 0.0000000000000000000 ) ) ;
#783 = CARTESIAN_POINT ( 'NONE',  ( 0.0000000000000000000, 0.1720000000000000140, 0.0000000000000000000 ) ) ;
#784 = ORIENTED_EDGE ( 'NONE', *, *, #18, .F. ) ;
#785 = DIRECTION ( 'NONE',  ( 1.000000000000000000, -0.0000000000000000000, 1.224646799147353207E-16 ) ) ;
#786 = VERTEX_POINT ( 'NONE', #961 ) ;
#787 = CARTESIAN_POINT ( 'NONE',  ( 0.09967820956012481137, 0.01499999999999999944, 0.07259683921833780251 ) ) ;
#788 =( BOUNDED_CURVE ( )  B_SPLINE_CURVE ( 1, ( #1974, #1469 ),
 .UNSPECIFIED., .F., .T. ) 
 B_SPLINE_CURVE_WITH_KNOTS ( ( 2, 2 ),
 ( 0.0002111451078229915684, 0.0009651999999999961392 ),
 .UNSPECIFIED. ) 
 CURVE ( )  GEOMETRIC_REPRESENTATION_ITEM ( )  RATIONAL_B_SPLINE_CURVE ( ( 0.9889616070548157278, 0.9889616070548157278 ) ) 
 REPRESENTATION_ITEM ( '' )  );
#789 = ORIENTED_EDGE ( 'NONE', *, *, #337, .F. ) ;
#790 = DIRECTION ( 'NONE',  ( 1.224646799147354933E-16, 0.0000000000000000000, -1.000000000000000000 ) ) ;
#791 = DIRECTION ( 'NONE',  ( -0.06231100129599318610, 0.0000000000000000000, 0.9980567815096947903 ) ) ;
#792 = CARTESIAN_POINT ( 'NONE',  ( -0.1325018867790191124, 0.05166666666666669405, 0.07649999999999999856 ) ) ;
#793 = ADVANCED_FACE ( 'NONE', ( #1631 ), #739, .T. ) ;
#794 = FACE_OUTER_BOUND ( 'NONE', #1934, .T. ) ;
#795 = VERTEX_POINT ( 'NONE', #1806 ) ;
#796 = DIRECTION ( 'NONE',  ( 1.000000000000000000, 0.0000000000000000000, -1.224646799147353207E-16 ) ) ;
#797 = ORIENTED_EDGE ( 'NONE', *, *, #2048, .F. ) ;
#798 = DIRECTION ( 'NONE',  ( 0.0000000000000000000, 0.0000000000000000000, 1.000000000000000000 ) ) ;
#799 = ORIENTED_EDGE ( 'NONE', *, *, #197, .F. ) ;
#800 = CARTESIAN_POINT ( 'NONE',  ( 0.1309999999999998666, 0.08408441877127678654, 0.02491738234831511467 ) ) ;
#801 = CARTESIAN_POINT ( 'NONE',  ( 0.0000000000000000000, 4.268512490100410046E-17, 0.0000000000000000000 ) ) ;
#802 = CARTESIAN_POINT ( 'NONE',  ( -0.1120037735580382277, 0.05474123152059018338, -0.1120037735580382277 ) ) ;
#803 = CARTESIAN_POINT ( 'NONE',  ( -1.068393908499470278E-15, 0.02974123152059019934, 0.1529999999999999971 ) ) ;
#804 = DIRECTION ( 'NONE',  ( 0.0000000000000000000, -1.000000000000000000, 0.0000000000000000000 ) ) ;
#805 = CARTESIAN_POINT ( 'NONE',  ( 0.09070399427521447233, 0.3940726199108644523, 0.01499999999999999944 ) ) ;
#806 = ORIENTED_EDGE ( 'NONE', *, *, #1214, .T. ) ;
#807 = DIRECTION ( 'NONE',  ( 0.0000000000000000000, 0.0000000000000000000, 1.000000000000000000 ) ) ;
#808 = ADVANCED_FACE ( 'NONE', ( #316 ), #2135, .T. ) ;
#809 = AXIS2_PLACEMENT_3D ( 'NONE', #1744, #552, #1560 ) ;
#810 = ORIENTED_EDGE ( 'NONE', *, *, #248, .T. ) ;
#811 = AXIS2_PLACEMENT_3D ( 'NONE', #1081, #782, #925 ) ;
#812 = CARTESIAN_POINT ( 'NONE',  ( -0.1229390222998474475, 0.1000000000000000056, 0.09107687300274214248 ) ) ;
#813 = VECTOR ( 'NONE', #1772, 39.37007874015748143 ) ;
#814 = DIRECTION ( 'NONE',  ( 0.9659258262890680902, -0.2588190451025215721, 0.0000000000000000000 ) ) ;
#815 = CARTESIAN_POINT ( 'NONE',  ( 0.0000000000000000000, 0.3595693562987933301, 0.0000000000000000000 ) ) ;
#816 = DIRECTION ( 'NONE',  ( 0.9980567815096953455, 0.0000000000000000000, 0.06231100129598622639 ) ) ;
#817 = ORIENTED_EDGE ( 'NONE', *, *, #1872, .T. ) ;
#818 = CARTESIAN_POINT ( 'NONE',  ( 0.01499999999999999944, 0.3435680591605465017, -0.09223770028470099080 ) ) ;
#819 = CARTESIAN_POINT ( 'NONE',  ( 0.0000000000000000000, 0.07799999999999999989, 0.0000000000000000000 ) ) ;
#820 = EDGE_CURVE ( 'NONE', #583, #1979, #1655, .T. ) ;
#821 = ORIENTED_EDGE ( 'NONE', *, *, #548, .F. ) ;
#822 = CARTESIAN_POINT ( 'NONE',  ( 0.02863621076571744306, 0.07799999999999999989, -0.1278317935139041406 ) ) ;
#823 = CARTESIAN_POINT ( 'NONE',  ( -0.02716723035263100827, 0.04751112604586703314, -0.1270061869744091854 ) ) ;
#824 = CARTESIAN_POINT ( 'NONE',  ( -0.01499999999999999944, 0.1250000000000000000, 0.09886859966642598530 ) ) ;
#825 = DIRECTION ( 'NONE',  ( 0.0000000000000000000, -0.9995511882695526928, 0.02995700300305643646 ) ) ;
#826 = EDGE_LOOP ( 'NONE', ( #129, #587, #1875, #1537, #131, #541 ) ) ;
#827 = CARTESIAN_POINT ( 'NONE',  ( 0.1301383878799795280, 0.1250000000000000000, -0.01499999999999999944 ) ) ;
#828 = CARTESIAN_POINT ( 'NONE',  ( 0.1236754507398281494, 0.01499999999999999944, 0.09007431867241830203 ) ) ;
#829 = VERTEX_POINT ( 'NONE', #1983 ) ;
#830 = CARTESIAN_POINT ( 'NONE',  ( -0.08418584287042089886, 0.01000000000000001062, -0.08418584287042089886 ) ) ;
#831 = EDGE_CURVE ( 'NONE', #2004, #2020, #219, .T. ) ;
#832 = CARTESIAN_POINT ( 'NONE',  ( 0.01499999999999999944, 0.5097381529686614288, 0.1186076107280600450 ) ) ;
#833 = CARTESIAN_POINT ( 'NONE',  ( 0.01499999999999999944, 0.1509861460152488177, 0.09808079952795235867 ) ) ;
#834 = EDGE_CURVE ( 'NONE', #2020, #2004, #563, .T. ) ;
#835 = ORIENTED_EDGE ( 'NONE', *, *, #2048, .T. ) ;
#836 = CARTESIAN_POINT ( 'NONE',  ( 0.08965692350556962731, 0.4285363178062764900, -0.01500000000000000291 ) ) ;
#837 = B_SPLINE_CURVE_WITH_KNOTS ( 'NONE', 3,
 ( #1639, #314, #1814, #154, #1466, #812 ),
 .UNSPECIFIED., .F., .F.,
 ( 4, 2, 4 ),
 ( 0.0008299193392105326354, 0.001473811596954937523, 0.002117703854699342410 ),
 .UNSPECIFIED. ) ;
#838 = ORIENTED_EDGE ( 'NONE', *, *, #711, .F. ) ;
#839 = CARTESIAN_POINT ( 'NONE',  ( -0.1120037735580382277, 0.06000000000000001860, 0.1120037735580382277 ) ) ;
#840 = CIRCLE ( 'NONE', #1116, 0.1310000000000000053 ) ;
#841 = CARTESIAN_POINT ( 'NONE',  ( 0.001578566205624879967, 0.04156963324797323389, 0.1284451679397795310 ) ) ;
#842 = CARTESIAN_POINT ( 'NONE',  ( 0.04307777041107473115, 0.03856313826469805195, 0.1517982200291023986 ) ) ;
#843 = AXIS2_PLACEMENT_3D ( 'NONE', #815, #1482, #2148 ) ;
#844 = AXIS2_PLACEMENT_3D ( 'NONE', #1045, #48, #1005 ) ;
#845 = EDGE_CURVE ( 'NONE', #107, #264, #2016, .T. ) ;
#846 = FACE_OUTER_BOUND ( 'NONE', #2144, .T. ) ;
#847 = AXIS2_PLACEMENT_3D ( 'NONE', #715, #857, #1899 ) ;
#848 = VERTEX_POINT ( 'NONE', #1858 ) ;
#849 = CARTESIAN_POINT ( 'NONE',  ( 0.01499999999999999944, 0.5280000000000000249, -0.08663291366742538469 ) ) ;
#850 = ORIENTED_EDGE ( 'NONE', *, *, #1621, .F. ) ;
#851 = CARTESIAN_POINT ( 'NONE',  ( 0.0000000000000000000, -0.01499999999999999944, -0.1529999999999999971 ) ) ;
#852 = PLANE ( 'NONE',  #1855 ) ;
#853 = CARTESIAN_POINT ( 'NONE',  ( 0.01499999999999999944, 0.5097381529686614288, -0.1186076107280600450 ) ) ;
#854 = CARTESIAN_POINT ( 'NONE',  ( 0.01499999999999999944, 0.5097381529686614288, 0.1186076107280600450 ) ) ;
#855 = EDGE_CURVE ( 'NONE', #1877, #1172, #70, .T. ) ;
#856 = DIRECTION ( 'NONE',  ( 0.0000000000000000000, -1.000000000000000000, 0.0000000000000000000 ) ) ;
#857 = DIRECTION ( 'NONE',  ( 0.0000000000000000000, 1.000000000000000000, 0.0000000000000000000 ) ) ;
#858 = ORIENTED_EDGE ( 'NONE', *, *, #933, .F. ) ;
#859 = CARTESIAN_POINT ( 'NONE',  ( 0.1216551081028706960, 0.4080547628802201343, 0.01500000000000002547 ) ) ;
#860 = CARTESIAN_POINT ( 'NONE',  ( -0.004999999999999995767, 0.5097869938180542571, -0.1194677590656458011 ) ) ;
#861 = CARTESIAN_POINT ( 'NONE',  ( 0.005000000000000004441, 0.5097869938180542571, -0.1194677590656458011 ) ) ;
#862 = CARTESIAN_POINT ( 'NONE',  ( 0.01499999999999999944, 0.1250000000000000000, 4.286122238378314888E-18 ) ) ;
#863 = CARTESIAN_POINT ( 'NONE',  ( 0.06333643728675837636, 0.01499999999999108297, 0.1397257584529349450 ) ) ;
#864 = CARTESIAN_POINT ( 'NONE',  ( -0.1106986096092228561, 0.4251855987653729296, 0.01500000000000000291 ) ) ;
#865 = ORIENTED_EDGE ( 'NONE', *, *, #1726, .T. ) ;
#866 = EDGE_CURVE ( 'NONE', #31, #1231, #1335, .T. ) ;
#867 = CARTESIAN_POINT ( 'NONE',  ( -0.1529999999999999416, 0.04333333333333332094, 0.04099622644196170007 ) ) ;
#868 = ORIENTED_EDGE ( 'NONE', *, *, #1166, .F. ) ;
#869 = CARTESIAN_POINT ( 'NONE',  ( 0.008697877977610256328, 0.01499999999999999944, 0.1527525676336946858 ) ) ;
#870 = DIRECTION ( 'NONE',  ( 0.0000000000000000000, 1.000000000000000000, 0.0000000000000000000 ) ) ;
#871 = AXIS2_PLACEMENT_3D ( 'NONE', #783, #2115, #2106 ) ;
#872 = CARTESIAN_POINT ( 'NONE',  ( 1.604287306883032539E-17, 0.1250000000000000000, -0.1310000000000000053 ) ) ;
#873 = AXIS2_PLACEMENT_3D ( 'NONE', #1763, #1949, #1421 ) ;
#874 = CARTESIAN_POINT ( 'NONE',  ( 4.211209892484456748E-15, 0.04746092253047991955, -0.6030688760244291569 ) ) ;
#875 = CIRCLE ( 'NONE', #844, 0.1380000000000000115 ) ;
#876 = CARTESIAN_POINT ( 'NONE',  ( 0.1217089477800704644, 0.4062583377399779372, 0.01499999999999999944 ) ) ;
#877 = CARTESIAN_POINT ( 'NONE',  ( -0.09843392780855904356, 0.1393392548428901978, -0.01500000000000000291 ) ) ;
#878 = AXIS2_PLACEMENT_3D ( 'NONE', #130, #785, #457 ) ;
#879 = VERTEX_POINT ( 'NONE', #402 ) ;
#880 = ADVANCED_FACE ( 'NONE', ( #2035 ), #1211, .T. ) ;
#881 = ORIENTED_EDGE ( 'NONE', *, *, #855, .F. ) ;
#882 = CARTESIAN_POINT ( 'NONE',  ( -0.01013001348391425263, 0.4630000000000000226, -0.01499999999999999944 ) ) ;
#883 = DIRECTION ( 'NONE',  ( 0.0000000000000000000, 0.0000000000000000000, -1.000000000000000000 ) ) ;
#884 = CARTESIAN_POINT ( 'NONE',  ( 0.01500000000000003934, 0.5120957157809624682, -0.1185369535000191932 ) ) ;
#885 = DIRECTION ( 'NONE',  ( 0.0000000000000000000, 0.0000000000000000000, -1.000000000000000000 ) ) ;
#886 = LINE ( 'NONE', #680, #1185 ) ;
#887 = CARTESIAN_POINT ( 'NONE',  ( -0.1246115758456051159, 0.1000000000000000056, 0.04040983995606772100 ) ) ;
#888 = B_SPLINE_CURVE_WITH_KNOTS ( 'NONE', 3,
 ( #572, #1161, #985, #16, #167, #1468, #833, #506, #1324, #1501 ),
 .UNSPECIFIED., .F., .F.,
 ( 4, 3, 3, 4 ),
 ( 0.01562151209499225424, 0.02030824600805525293, 0.02520207755214447926, 0.02586242889993269414 ),
 .UNSPECIFIED. ) ;
#889 = ORIENTED_EDGE ( 'NONE', *, *, #1697, .T. ) ;
#890 = DIRECTION ( 'NONE',  ( 0.0000000000000000000, -1.000000000000000000, 0.0000000000000000000 ) ) ;
#891 = ORIENTED_EDGE ( 'NONE', *, *, #1500, .F. ) ;
#892 = CARTESIAN_POINT ( 'NONE',  ( 0.04538837916685065088, 0.1203769860041458972, -0.1504641894419637693 ) ) ;
#893 = CARTESIAN_POINT ( 'NONE',  ( 0.1281363730923866795, 0.09818266059244770694, -0.08406129150638479153 ) ) ;
#894 = CARTESIAN_POINT ( 'NONE',  ( 0.1217089477800704644, 0.4062583377399779372, 0.01499999999999999944 ) ) ;
#895 = CARTESIAN_POINT ( 'NONE',  ( 0.0000000000000000000, 0.5280000000000000249, -0.08792190699994835434 ) ) ;
#896 = CARTESIAN_POINT ( 'NONE',  ( -0.007674335907060748571, 0.01881991101097901797, -0.1528074100571880090 ) ) ;
#897 = CARTESIAN_POINT ( 'NONE',  ( -0.1217089477800704644, 0.4062583377399779372, 0.01499999999999999944 ) ) ;
#898 = VERTEX_POINT ( 'NONE', #2047 ) ;
#899 = CARTESIAN_POINT ( 'NONE',  ( 0.1217089477800704644, 0.4062583377399779372, -0.01499999999999999944 ) ) ;
#900 = EDGE_LOOP ( 'NONE', ( #918, #1465, #585, #519 ) ) ;
#901 = DIRECTION ( 'NONE',  ( 0.0000000000000000000, -1.000000000000000000, 0.0000000000000000000 ) ) ;
#902 =( NAMED_UNIT ( * ) SI_UNIT ( $, .STERADIAN. ) SOLID_ANGLE_UNIT ( ) );
#903 = CIRCLE ( 'NONE', #1680, 0.1233127995205903493 ) ;
#904 = EDGE_CURVE ( 'NONE', #2020, #2118, #555, .T. ) ;
#905 = VECTOR ( 'NONE', #502, 39.37007874015748854 ) ;
#906 = CARTESIAN_POINT ( 'NONE',  ( 0.01499999999999999944, 0.5280000000000000249, 0.1180602948799279600 ) ) ;
#907 = AXIS2_PLACEMENT_3D ( 'NONE', #2104, #1917, #606 ) ;
#908 = ORIENTED_EDGE ( 'NONE', *, *, #2087, .T. ) ;
#909 = CIRCLE ( 'NONE', #1750, 0.1202083375433773693 ) ;
#910 = DIRECTION ( 'NONE',  ( -0.0000000000000000000, -1.000000000000000000, -0.0000000000000000000 ) ) ;
#911 = ORIENTED_EDGE ( 'NONE', *, *, #248, .F. ) ;
#912 = CARTESIAN_POINT ( 'NONE',  ( 0.1087545460531603447, 0.1000000000000000194, -0.1081870693716140697 ) ) ;
#913 = DIRECTION ( 'NONE',  ( 0.0000000000000000000, 0.0000000000000000000, 1.000000000000000000 ) ) ;
#914 = CARTESIAN_POINT ( 'NONE',  ( 0.0000000000000000000, 0.1250000000000000000, -0.1000000000000000056 ) ) ;
#915 = CARTESIAN_POINT ( 'NONE',  ( -0.09967382225618817704, 0.4441045744630613967, -0.01500000000000000291 ) ) ;
#916 = PRESENTATION_STYLE_ASSIGNMENT (( #609 ) ) ;
#917 = ADVANCED_FACE ( 'NONE', ( #1513 ), #1434, .F. ) ;
#918 = ORIENTED_EDGE ( 'NONE', *, *, #1214, .F. ) ;
#919 = CARTESIAN_POINT ( 'NONE',  ( -0.01499999999999999944, 0.1250000000000000000, 0.1301383878799795280 ) ) ;
#920 = VERTEX_POINT ( 'NONE', #1880 ) ;
#921 = CARTESIAN_POINT ( 'NONE',  ( -0.01499999999999999944, 0.5280000000000000249, -0.08663291366742519040 ) ) ;
#922 = ORIENTED_EDGE ( 'NONE', *, *, #1256, .F. ) ;
#923 = CARTESIAN_POINT ( 'NONE',  ( 0.1529999999999997751, 0.02666666666666668573, 0.04099622644196284499 ) ) ;
#924 = CARTESIAN_POINT ( 'NONE',  ( 1.224646799147353269E-17, 0.1250000000000000000, 0.1000000000000000056 ) ) ;
#925 = DIRECTION ( 'NONE',  ( 0.0000000000000000000, 0.0000000000000000000, 1.000000000000000000 ) ) ;
#926 = DIRECTION ( 'NONE',  ( 0.0000000000000000000, 0.0000000000000000000, 1.000000000000000000 ) ) ;
#927 =( NAMED_UNIT ( * ) SI_UNIT ( $, .STERADIAN. ) SOLID_ANGLE_UNIT ( ) );
#928 = EDGE_CURVE ( 'NONE', #575, #1629, #1779, .T. ) ;
#929 = ORIENTED_EDGE ( 'NONE', *, *, #2031, .T. ) ;
#930 = DIRECTION ( 'NONE',  ( 0.0000000000000000000, 1.000000000000000000, 0.0000000000000000000 ) ) ;
#931 = ORIENTED_EDGE ( 'NONE', *, *, #332, .T. ) ;
#932 = CARTESIAN_POINT ( 'NONE',  ( 0.009533583198286968430, 0.1054165237503167374, -0.1527026875709832643 ) ) ;
#933 = EDGE_CURVE ( 'NONE', #1308, #1038, #1013, .T. ) ;
#934 = ORIENTED_EDGE ( 'NONE', *, *, #1001, .F. ) ;
#935 = CARTESIAN_POINT ( 'NONE',  ( 0.05191396184797794633, 0.05361100819022675268, 0.1197498194016996254 ) ) ;
#936 = CARTESIAN_POINT ( 'NONE',  ( 0.01001923393836935336, 0.5120957157809624682, 0.1191110461420255284 ) ) ;
#937 = CARTESIAN_POINT ( 'NONE',  ( 0.01499999999999999944, 0.5280000000000000249, 0.08663291366742519040 ) ) ;
#938 = DIRECTION ( 'NONE',  ( 3.639233909645338148E-18, -0.9995583643205788738, 0.02971660002034149511 ) ) ;
#939 = AXIS2_PLACEMENT_3D ( 'NONE', #1920, #1088, #2108 ) ;
#940 = AXIS2_PLACEMENT_3D ( 'NONE', #273, #1774, #926 ) ;
#941 = VERTEX_POINT ( 'NONE', #2057 ) ;
#942 = CARTESIAN_POINT ( 'NONE',  ( -0.04538837916684968637, 0.07563575448355555619, 0.1504641894419641579 ) ) ;
#943 = ORIENTED_EDGE ( 'NONE', *, *, #1500, .T. ) ;
#944 = DIRECTION ( 'NONE',  ( 0.0000000000000000000, -1.000000000000000000, 0.0000000000000000000 ) ) ;
#945 = AXIS2_PLACEMENT_3D ( 'NONE', #2058, #546, #213 ) ;
#946 = CIRCLE ( 'NONE', #361, 0.1310000000000000053 ) ;
#947 = VERTEX_POINT ( 'NONE', #1847 ) ;
#948 = CARTESIAN_POINT ( 'NONE',  ( 0.1216551081028706960, 0.4080547628802201343, -0.01500000000000007230 ) ) ;
#949 = ADVANCED_FACE ( 'NONE', ( #1352 ), #558, .F. ) ;
#950 = DIRECTION ( 'NONE',  ( -0.9980567815096949014, 0.0000000000000000000, -0.06231100129599319304 ) ) ;
#951 = CARTESIAN_POINT ( 'NONE',  ( -0.008162741169774192368, 0.1795551952875370227, 0.1307454383777700846 ) ) ;
#952 = CARTESIAN_POINT ( 'NONE',  ( 0.1236754507398281494, 0.01499999999999999944, 0.09007431867241830203 ) ) ;
#953 = FILL_AREA_STYLE_COLOUR ( '', #984 ) ;
#954 = EDGE_LOOP ( 'NONE', ( #1571, #1831, #243, #115 ) ) ;
#955 = CARTESIAN_POINT ( 'NONE',  ( -0.09967820956012519995, 0.01499999999999999944, -0.07259683921833701148 ) ) ;
#956 = EDGE_LOOP ( 'NONE', ( #100, #929, #435, #881 ) ) ;
#957 = CARTESIAN_POINT ( 'NONE',  ( 0.0000000000000000000, 0.5120957157809624682, 0.1193985656200396844 ) ) ;
#958 = ORIENTED_EDGE ( 'NONE', *, *, #57, .T. ) ;
#959 = CARTESIAN_POINT ( 'NONE',  ( 0.1310000000000000053, 0.09000000000000002442, 9.227898122281944121E-16 ) ) ;
#960 = DIRECTION ( 'NONE',  ( 0.0000000000000000000, 0.0000000000000000000, 1.000000000000000000 ) ) ;
#961 = CARTESIAN_POINT ( 'NONE',  ( 0.0000000000000000000, 4.268512490100411279E-18, -0.1038792144229703229 ) ) ;
#962 = EDGE_CURVE ( 'NONE', #1669, #1111, #1073, .T. ) ;
#963 = LINE ( 'NONE', #639, #1046 ) ;
#964 = CARTESIAN_POINT ( 'NONE',  ( -0.009533583198285891167, 0.1277871395106117691, 0.1527026875709834308 ) ) ;
#965 = FACE_OUTER_BOUND ( 'NONE', #1156, .T. ) ;
#966 = ORIENTED_EDGE ( 'NONE', *, *, #1430, .T. ) ;
#967 = DIRECTION ( 'NONE',  ( 0.0000000000000000000, 1.000000000000000000, 0.0000000000000000000 ) ) ;
#968 = B_SPLINE_CURVE_WITH_KNOTS ( 'NONE', 3,
 ( #824, #2134, #666, #1170, #1992, #1338, #972, #495, #1816, #2007 ),
 .UNSPECIFIED., .F., .F.,
 ( 4, 3, 3, 4 ),
 ( 0.004233480236139517197, 0.004893831590219611428, 0.009787663180937621055, 0.01447439713865616810 ),
 .UNSPECIFIED. ) ;
#969 = EDGE_LOOP ( 'NONE', ( #1286, #2076, #53, #456 ) ) ;
#970 = DIRECTION ( 'NONE',  ( 0.0000000000000000000, 0.0000000000000000000, -1.000000000000000000 ) ) ;
#971 = DIRECTION ( 'NONE',  ( 0.0000000000000000000, -1.000000000000000000, 0.0000000000000000000 ) ) ;
#972 = CARTESIAN_POINT ( 'NONE',  ( -0.01499999999999999944, 0.3435680591605465017, 0.09223770028470099080 ) ) ;
#973 = DIRECTION ( 'NONE',  ( 0.0000000000000000000, 0.0000000000000000000, -1.000000000000000000 ) ) ;
#974 = ADVANCED_FACE ( 'NONE', ( #1394 ), #496, .F. ) ;
#975 = DIRECTION ( 'NONE',  ( 0.0000000000000000000, 0.0000000000000000000, -1.000000000000000000 ) ) ;
#976 = CARTESIAN_POINT ( 'NONE',  ( 0.09799919152463756888, 0.1536785077329631266, 0.01499999999999999944 ) ) ;
#977 = ORIENTED_EDGE ( 'NONE', *, *, #1819, .F. ) ;
#978 = CARTESIAN_POINT ( 'NONE',  ( -0.01001923393836939152, 0.1249999999999994726, 0.1307124805219858632 ) ) ;
#979 = AXIS2_PLACEMENT_3D ( 'NONE', #1403, #890, #1580 ) ;
#980 = ORIENTED_EDGE ( 'NONE', *, *, #1243, .F. ) ;
#981 = DIRECTION ( 'NONE',  ( 0.0000000000000000000, -1.000000000000000000, 0.0000000000000000000 ) ) ;
#982 = AXIS2_PLACEMENT_3D ( 'NONE', #1128, #1948, #1663 ) ;
#983 = CARTESIAN_POINT ( 'NONE',  ( -0.001578566205625777687, 0.04156963324797323389, -0.1284451679397795310 ) ) ;
#984 = COLOUR_RGB ( '',0.2509803921568627416, 0.2509803921568627416, 0.2509803921568627416 ) ;
#985 = CARTESIAN_POINT ( 'NONE',  ( 0.01499999999999999944, 0.4050454199496292818, 0.09037099110323992823 ) ) ;
#986 = CARTESIAN_POINT ( 'NONE',  ( 0.08418584287042152337, 0.1224609225304799515, -0.08418584287042030212 ) ) ;
#987 = CARTESIAN_POINT ( 'NONE',  ( -0.05750000000000000250, 0.1307942558638131858, 0.09959292143521043805 ) ) ;
#988 = EDGE_CURVE ( 'NONE', #31, #795, #1729, .T. ) ;
#989 = CARTESIAN_POINT ( 'NONE',  ( 0.01499999999999999944, 0.1336620493902987150, -0.09860602332318769980 ) ) ;
#990 = DIRECTION ( 'NONE',  ( 0.0000000000000000000, 0.0000000000000000000, -1.000000000000000000 ) ) ;
#991 = ORIENTED_EDGE ( 'NONE', *, *, #2075, .F. ) ;
#992 = ADVANCED_FACE ( 'NONE', ( #2068 ), #1540, .T. ) ;
#993 = CARTESIAN_POINT ( 'NONE',  ( 0.1246115758456053241, 0.1000000000000000056, -0.04040983995606684670 ) ) ;
#994 = CARTESIAN_POINT ( 'NONE',  ( -0.008162741169774192368, 0.08304590799002165014, 0.1307454383777700846 ) ) ;
#995 = CARTESIAN_POINT ( 'NONE',  ( 0.0000000000000000000, 0.02974123152059019934, -0.1529999999999999971 ) ) ;
#996 = CARTESIAN_POINT ( 'NONE',  ( 0.1149999999999998940, 0.08912758919714644512, 0.03081415712957997349 ) ) ;
#997 = CARTESIAN_POINT ( 'NONE',  ( 0.0000000000000000000, 6.829619984160649418E-17, 0.0000000000000000000 ) ) ;
#998 = DIRECTION ( 'NONE',  ( 0.0000000000000000000, -1.000000000000000000, 0.0000000000000000000 ) ) ;
#999 = ORIENTED_EDGE ( 'NONE', *, *, #1139, .F. ) ;
#1000 = CARTESIAN_POINT ( 'NONE',  ( -0.006349978138436050863, 0.02376248149088501516, -0.1253478053394120051 ) ) ;
#1001 = EDGE_CURVE ( 'NONE', #618, #1727, #1682, .T. ) ;
#1002 = CARTESIAN_POINT ( 'NONE',  ( 0.002159706017623508074, 0.03940078994329322681, 0.1333499027900462708 ) ) ;
#1003 = CARTESIAN_POINT ( 'NONE',  ( -0.07649999999999999856, 0.001666666666666677182, -0.1325018867790191124 ) ) ;
#1004 =( BOUNDED_SURFACE ( )  B_SPLINE_SURFACE ( 3, 1, ( 
 ( #459, #323 ),
 ( #1120, #978 ),
 ( #1792, #303 ),
 ( #957, #1628 ) ),
 .UNSPECIFIED., .F., .F., .F. ) 
 B_SPLINE_SURFACE_WITH_KNOTS ( ( 4, 4 ),
 ( 2, 2 ),
 ( 0.0000000000000000000, 1.000000000000000000 ),
 ( 0.0000000000000000000, 1.000000000000000000 ),
 .UNSPECIFIED. ) 
 GEOMETRIC_REPRESENTATION_ITEM ( )  RATIONAL_B_SPLINE_SURFACE ( (
 ( 1.000000000000000000, 1.000000000000000000),
 ( 0.9989028986504913110, 0.9989028986504913110),
 ( 0.9989028986504913110, 0.9989028986504913110),
 ( 1.000000000000000000, 1.000000000000000000) ) ) 
 REPRESENTATION_ITEM ( '' )  SURFACE ( )  );
#1005 = DIRECTION ( 'NONE',  ( -1.224646799147352961E-16, 0.0000000000000000000, -1.000000000000000000 ) ) ;
#1006 = EDGE_LOOP ( 'NONE', ( #943, #419, #310, #1615 ) ) ;
#1007 = VERTEX_POINT ( 'NONE', #138 ) ;
#1008 = CARTESIAN_POINT ( 'NONE',  ( 0.008697877977610591130, 0.01499999999999960740, 0.1230056642772692915 ) ) ;
#1009 = AXIS2_PLACEMENT_3D ( 'NONE', #1551, #1039, #65 ) ;
#1010 = DIRECTION ( 'NONE',  ( 0.0000000000000000000, 1.000000000000000000, 0.0000000000000000000 ) ) ;
#1011 = ADVANCED_FACE ( 'NONE', ( #309 ), #2066, .T. ) ;
#1012 = CARTESIAN_POINT ( 'NONE',  ( -0.1301383878799795002, 0.1249999999999996253, -0.01500000000000007230 ) ) ;
#1013 = CIRCLE ( 'NONE', #255, 0.08792190699994843761 ) ;
#1014 = VECTOR ( 'NONE', #1093, 39.37007874015748854 ) ;
#1015 = CARTESIAN_POINT ( 'NONE',  ( 0.01499999999999999944, 0.1250000000000000000, 0.09886859966642598530 ) ) ;
#1016 = B_SPLINE_CURVE_WITH_KNOTS ( 'NONE', 3,
 ( #983, #135, #823, #146, #1796, #1654, #306, #1467, #1113, #1491, #1815, #6, #655, #1323 ),
 .UNSPECIFIED., .F., .F.,
 ( 4, 2, 2, 2, 2, 2, 4 ),
 ( 4.061273966971607125E-05, 0.001039838951150913850, 0.002039065162632111398, 0.002538678268372709414, 0.003038291374113306995, 0.003537904479853906745, 0.004037517585594506062 ),
 .UNSPECIFIED. ) ;
#1017 = CARTESIAN_POINT ( 'NONE',  ( 0.07650000000000098388, 0.06833333333333327375, -0.1325018867790185018 ) ) ;
#1018 = CARTESIAN_POINT ( 'NONE',  ( 0.09562787314286998186, 0.2318815179278103933, -0.01499999999999999944 ) ) ;
#1019 = ORIENTED_EDGE ( 'NONE', *, *, #845, .F. ) ;
#1020 = CARTESIAN_POINT ( 'NONE',  ( -0.1150000000000000050, 0.03500000000000000333, -7.041486534478662209E-18 ) ) ;
#1021 = CARTESIAN_POINT ( 'NONE',  ( 0.002937101260761237811, 0.03649951139834068520, 0.1398837561425220477 ) ) ;
#1022 = CARTESIAN_POINT ( 'NONE',  ( 0.1120037735580373950, 0.05474123152059018338, 0.1120037735580390464 ) ) ;
#1023 = CARTESIAN_POINT ( 'NONE',  ( 0.01000000000000000368, 0.5097708054209529882, 0.1191829417018425707 ) ) ;
#1024 = DIRECTION ( 'NONE',  ( 1.000000000000000000, 0.0000000000000000000, 0.0000000000000000000 ) ) ;
#1025 = FACE_OUTER_BOUND ( 'NONE', #691, .T. ) ;
#1026 = LENGTH_MEASURE_WITH_UNIT ( LENGTH_MEASURE( 0.02539999999999999897 ), #726 );
#1027 = ORIENTED_EDGE ( 'NONE', *, *, #577, .F. ) ;
#1028 = CARTESIAN_POINT ( 'NONE',  ( -0.04099622644196177640, -0.006666666666666660156, -0.1529999999999999416 ) ) ;
#1029 = ORIENTED_EDGE ( 'NONE', *, *, #751, .T. ) ;
#1030 = DIRECTION ( 'NONE',  ( 0.0000000000000000000, 0.0000000000000000000, 1.000000000000000000 ) ) ;
#1031 = DIRECTION ( 'NONE',  ( 0.0000000000000000000, 1.000000000000000000, 0.0000000000000000000 ) ) ;
#1032 = DIRECTION ( 'NONE',  ( -0.0000000000000000000, -1.000000000000000000, -0.0000000000000000000 ) ) ;
#1033 = CARTESIAN_POINT ( 'NONE',  ( 0.01499999999999999944, 0.5280000000000000249, -0.08663291366742538469 ) ) ;
#1034 = CARTESIAN_POINT ( 'NONE',  ( -0.08860933628236593307, 0.4630000000000000226, -0.01499999999999999944 ) ) ;
#1035 =( CONVERSION_BASED_UNIT ( 'INCH', #1026 ) LENGTH_UNIT ( ) NAMED_UNIT ( #1547 ) );
#1036 = EDGE_CURVE ( 'NONE', #1957, #879, #788, .T. ) ;
#1037 = UNCERTAINTY_MEASURE_WITH_UNIT (LENGTH_MEASURE( 1.000000000000000082E-05 ), #1035, 'distance_accuracy_value', 'NONE');
#1038 = VERTEX_POINT ( 'NONE', #486 ) ;
#1039 = DIRECTION ( 'NONE',  ( 0.0000000000000000000, 1.000000000000000000, 0.0000000000000000000 ) ) ;
#1040 = ORIENTED_EDGE ( 'NONE', *, *, #1968, .T. ) ;
#1041 = CARTESIAN_POINT ( 'NONE',  ( -0.1249427222161699352, 0.02981336335457408782, -0.02068599267863590122 ) ) ;
#1042 = CARTESIAN_POINT ( 'NONE',  ( -0.003327522147367685187, 0.03504244081319299320, -0.1431476110667818935 ) ) ;
#1043 = AXIS2_PLACEMENT_3D ( 'NONE', #311, #1118, #1614 ) ;
#1044 = AXIS2_PLACEMENT_3D ( 'NONE', #1956, #2119, #807 ) ;
#1045 = CARTESIAN_POINT ( 'NONE',  ( 2.698643598146063251E-17, 0.07399999999999999634, 0.2203609726514586808 ) ) ;
#1046 = VECTOR ( 'NONE', #825, 39.37007874015748854 ) ;
#1047 = CARTESIAN_POINT ( 'NONE',  ( 0.08303513933639374012, 0.01499999999999108123, 0.1289959592344390171 ) ) ;
#1048 = CARTESIAN_POINT ( 'NONE',  ( -0.09843392780855904356, 0.1393392548428902256, 0.01500000000000000291 ) ) ;
#1049 = CARTESIAN_POINT ( 'NONE',  ( -0.01499999999999999944, 0.3435680591605465017, -0.09223770028470099080 ) ) ;
#1050 = TOROIDAL_SURFACE ( 'NONE', #1753, 0.1154142853001830782, 0.005000000000000000104 ) ;
#1051 = EDGE_CURVE ( 'NONE', #304, #1743, #963, .T. ) ;
#1052 = VERTEX_POINT ( 'NONE', #1623 ) ;
#1053 = VERTEX_POINT ( 'NONE', #1171 ) ;
#1054 = CARTESIAN_POINT ( 'NONE',  ( 1.604287306883032539E-17, 0.07799999999999999989, -0.1310000000000000053 ) ) ;
#1055 = ADVANCED_FACE ( 'NONE', ( #794 ), #331, .T. ) ;
#1056 = ORIENTED_EDGE ( 'NONE', *, *, #460, .T. ) ;
#1057 = CARTESIAN_POINT ( 'NONE',  ( 0.1325018867790196953, 0.05166666666666669405, -0.07649999999999901323 ) ) ;
#1058 = DIRECTION ( 'NONE',  ( 0.0000000000000000000, 0.0000000000000000000, 1.000000000000000000 ) ) ;
#1059 = STYLED_ITEM ( 'NONE', ( #916 ), #1377 ) ;
#1060 = CARTESIAN_POINT ( 'NONE',  ( 0.0000000000000000000, 0.003579766536965023511, 0.0000000000000000000 ) ) ;
#1061 = CARTESIAN_POINT ( 'NONE',  ( 0.01499999999999999944, 0.5280000000000000249, 0.01207809300005161304 ) ) ;
#1062 = CARTESIAN_POINT ( 'NONE',  ( -0.008697877977611319714, 0.01499999999999999944, -0.1230056642772673348 ) ) ;
#1063 = CARTESIAN_POINT ( 'NONE',  ( -0.09070399427521447233, 0.3940726199108644523, -0.01499999999999999944 ) ) ;
#1064 = ORIENTED_EDGE ( 'NONE', *, *, #1322, .F. ) ;
#1065 = CARTESIAN_POINT ( 'NONE',  ( -0.01001923393836939152, 0.1249999999999994726, -0.1307124805219858632 ) ) ;
#1066 = ORIENTED_EDGE ( 'NONE', *, *, #1600, .T. ) ;
#1067 = CARTESIAN_POINT ( 'NONE',  ( 0.06356657296874702878, 0.05653576650176970336, 0.1142780692487025823 ) ) ;
#1068 = EDGE_CURVE ( 'NONE', #264, #1250, #1296, .T. ) ;
#1069 = CARTESIAN_POINT ( 'NONE',  ( 0.08860933628236593307, 0.4630000000000000226, 0.01499999999999999944 ) ) ;
#1070 =( CONVERSION_BASED_UNIT ( 'INCH', #442 ) LENGTH_UNIT ( ) NAMED_UNIT ( #66 ) );
#1071 = CARTESIAN_POINT ( 'NONE',  ( -0.1106985571687044007, 0.4251856889129564943, -0.01500000000000000291 ) ) ;
#1072 = CARTESIAN_POINT ( 'NONE',  ( -0.09175059987892204838, 0.3596089078929972649, -0.01499999999999999944 ) ) ;
#1073 =( BOUNDED_CURVE ( )  B_SPLINE_CURVE ( 2, ( #1893, #842, #2023, #1022, #28, #1189, #1694, #731, #237, #893, #1563 ),
 .UNSPECIFIED., .F., .T. ) 
 B_SPLINE_CURVE_WITH_KNOTS ( ( 3, 2, 2, 2, 2, 3 ),
 ( 0.004728703419375509913, 0.08333333333333330095, 0.1666666666666665186, 0.2500000000000000555, 0.3333333333333335369, 0.3515700168406175052 ),
 .UNSPECIFIED. ) 
 CURVE ( )  GEOMETRIC_REPRESENTATION_ITEM ( )  RATIONAL_B_SPLINE_CURVE ( ( 0.9963523931347970652, 0.9678593462299391881, 1.000000000000000000, 0.9659258262890679791, 1.000000000000000000, 0.9659258262890679791, 1.000000000000000000, 0.9659258262890679791, 1.000000000000000000, 0.9925432009391381705, 0.9883500967050846686 ) ) 
 REPRESENTATION_ITEM ( '' )  );
#1074 = ORIENTED_EDGE ( 'NONE', *, *, #1298, .F. ) ;
#1075 = B_SPLINE_CURVE_WITH_KNOTS ( 'NONE', 3,
 ( #1427, #108, #78, #2083 ),
 .UNSPECIFIED., .F., .F.,
 ( 4, 4 ),
 ( 0.002175423536962906110, 0.003110707814852177802 ),
 .UNSPECIFIED. ) ;
#1076 = LINE ( 'NONE', #1242, #88 ) ;
#1077 = ORIENTED_EDGE ( 'NONE', *, *, #69, .T. ) ;
#1078 = DIRECTION ( 'NONE',  ( 0.0000000000000000000, 0.0000000000000000000, 1.000000000000000000 ) ) ;
#1079 = EDGE_CURVE ( 'NONE', #1803, #1969, #1493, .T. ) ;
#1080 = PLANE ( 'NONE',  #1123 ) ;
#1081 = CARTESIAN_POINT ( 'NONE',  ( 0.0000000000000000000, 0.07799999999999999989, -0.1310000000000000053 ) ) ;
#1082 = CIRCLE ( 'NONE', #873, 0.1310000000000000053 ) ;
#1083 = ADVANCED_FACE ( 'NONE', ( #2124 ), #1230, .F. ) ;
#1084 = LINE ( 'NONE', #747, #2097 ) ;
#1085 = SHAPE_DEFINITION_REPRESENTATION ( #1535, #1377 ) ;
#1086 = CIRCLE ( 'NONE', #565, 0.1202083375433773693 ) ;
#1087 = ORIENTED_EDGE ( 'NONE', *, *, #548, .T. ) ;
#1088 = DIRECTION ( 'NONE',  ( 0.0000000000000000000, -1.000000000000000000, 0.0000000000000000000 ) ) ;
#1089 = ORIENTED_EDGE ( 'NONE', *, *, #332, .F. ) ;
#1090 = CARTESIAN_POINT ( 'NONE',  ( -1.068393908499470278E-15, -0.01499999999999999944, 0.1529999999999999971 ) ) ;
#1091 = ORIENTED_EDGE ( 'NONE', *, *, #1603, .F. ) ;
#1092 = CARTESIAN_POINT ( 'NONE',  ( -0.1218519496137106389, 0.07799999999999999989, -0.04809472294688583310 ) ) ;
#1093 = DIRECTION ( 'NONE',  ( -0.02995700300305643646, -0.9995511882695526928, 0.0000000000000000000 ) ) ;
#1094 = PLANE ( 'NONE',  #667 ) ;
#1095 = DIRECTION ( 'NONE',  ( 0.0000000000000000000, 1.000000000000000000, 0.0000000000000000000 ) ) ;
#1096 = ADVANCED_FACE ( 'NONE', ( #1695 ), #1609, .T. ) ;
#1097 = ORIENTED_EDGE ( 'NONE', *, *, #1191, .T. ) ;
#1098 = DIRECTION ( 'NONE',  ( 0.0000000000000000000, 1.000000000000000000, 0.0000000000000000000 ) ) ;
#1099 = VERTEX_POINT ( 'NONE', #872 ) ;
#1100 = CARTESIAN_POINT ( 'NONE',  ( 0.1120037735580390603, 0.06000000000000001860, -0.1120037735580373950 ) ) ;
#1101 = EDGE_LOOP ( 'NONE', ( #754, #1758 ) ) ;
#1102 = CARTESIAN_POINT ( 'NONE',  ( 0.07649999999999901323, 0.001666666666666677182, 0.1325018867790196953 ) ) ;
#1103 = CARTESIAN_POINT ( 'NONE',  ( -0.1301383878799795280, 0.1250000000000000000, 0.01499999999999999944 ) ) ;
#1104 = PRODUCT_DEFINITION ( 'UNKNOWN', '', #644, #1110 ) ;
#1105 = EDGE_LOOP ( 'NONE', ( #1986, #610, #891, #662 ) ) ;
#1106 = EDGE_CURVE ( 'NONE', #1760, #479, #875, .T. ) ;
#1107 = CARTESIAN_POINT ( 'NONE',  ( -0.1120037735580382277, 0.06000000000000001860, 0.1120037735580382277 ) ) ;
#1108 = ORIENTED_EDGE ( 'NONE', *, *, #831, .T. ) ;
#1109 = DIRECTION ( 'NONE',  ( 0.0000000000000000000, 1.000000000000000000, 0.0000000000000000000 ) ) ;
#1110 = PRODUCT_DEFINITION_CONTEXT ( 'detailed design', #94, 'design' ) ;
#1111 = VERTEX_POINT ( 'NONE', #1687 ) ;
#1112 = CARTESIAN_POINT ( 'NONE',  ( 0.1229390222998480442, 0.1000000000000000056, -0.09107687300274133757 ) ) ;
#1113 = CARTESIAN_POINT ( 'NONE',  ( -0.09847771282135076021, 0.06722255226476951673, -0.08629618924846170491 ) ) ;
#1114 = DIRECTION ( 'NONE',  ( 0.0000000000000000000, 1.000000000000000000, 0.0000000000000000000 ) ) ;
#1115 = CARTESIAN_POINT ( 'NONE',  ( 0.0000000000000000000, 0.5550000000000000488, 0.0000000000000000000 ) ) ;
#1116 = AXIS2_PLACEMENT_3D ( 'NONE', #1144, #1812, #798 ) ;
#1117 = EDGE_LOOP ( 'NONE', ( #428, #110, #373, #342 ) ) ;
#1118 = DIRECTION ( 'NONE',  ( 1.000000000000000000, 0.0000000000000000000, 0.0000000000000000000 ) ) ;
#1119 = EDGE_LOOP ( 'NONE', ( #352, #958, #345, #1163 ) ) ;
#1120 = CARTESIAN_POINT ( 'NONE',  ( -0.01001923393836939152, 0.5120957157809624682, 0.1191110461420255284 ) ) ;
#1121 = AXIS2_PLACEMENT_3D ( 'NONE', #2137, #159, #670 ) ;
#1122 = EDGE_CURVE ( 'NONE', #575, #898, #44, .T. ) ;
#1123 = AXIS2_PLACEMENT_3D ( 'NONE', #780, #1396, #913 ) ;
#1124 = ORIENTED_EDGE ( 'NONE', *, *, #617, .F. ) ;
#1125 = CARTESIAN_POINT ( 'NONE',  ( 0.1246115758456053241, 0.1000000000000000056, -0.04040983995606684670 ) ) ;
#1126 = B_SPLINE_CURVE_WITH_KNOTS ( 'NONE', 3,
 ( #1333, #1670, #1343, #1008 ),
 .UNSPECIFIED., .F., .F.,
 ( 4, 4 ),
 ( 0.0001638957354328502813, 0.0008760393264338295176 ),
 .UNSPECIFIED. ) ;
#1127 = EDGE_CURVE ( 'NONE', #2028, #25, #600, .T. ) ;
#1128 = CARTESIAN_POINT ( 'NONE',  ( 0.0000000000000000000, 0.0000000000000000000, 0.0000000000000000000 ) ) ;
#1129 = CARTESIAN_POINT ( 'NONE',  ( -0.1120037735580382277, 0.06000000000000001860, 0.1120037735580382277 ) ) ;
#1130 = B_SPLINE_CURVE_WITH_KNOTS ( 'NONE', 3,
 ( #1435, #1448, #1595, #1409, #1280, #251, #1247, #455, #2080, #1585 ),
 .UNSPECIFIED., .F., .F.,
 ( 4, 2, 2, 2, 4 ),
 ( 0.0000000000000000000, 0.0008571902313679716267, 0.001714380462735943253, 0.002571570694103914988, 0.003428760925471885639 ),
 .UNSPECIFIED. ) ;
#1131 = DIRECTION ( 'NONE',  ( 0.06231100129598622639, 0.0000000000000000000, -0.9980567815096953455 ) ) ;
#1132 = ORIENTED_EDGE ( 'NONE', *, *, #378, .T. ) ;
#1133 = DIRECTION ( 'NONE',  ( -1.224646799147353454E-16, 0.0000000000000000000, -1.000000000000000000 ) ) ;
#1134 = ORIENTED_EDGE ( 'NONE', *, *, #1795, .F. ) ;
#1135 = CARTESIAN_POINT ( 'NONE',  ( 0.009533583198286963226, 0.08304590799002163626, -0.1527026875709834308 ) ) ;
#1136 = ORIENTED_EDGE ( 'NONE', *, *, #109, .F. ) ;
#1137 = CARTESIAN_POINT ( 'NONE',  ( 0.1312884689169283581, 0.1249999999999996669, 0.005022020528009790707 ) ) ;
#1138 = FACE_OUTER_BOUND ( 'NONE', #1355, .T. ) ;
#1139 = EDGE_CURVE ( 'NONE', #1803, #759, #1226, .T. ) ;
#1140 = DIRECTION ( 'NONE',  ( 0.0000000000000000000, 0.0000000000000000000, -1.000000000000000000 ) ) ;
#1141 = CARTESIAN_POINT ( 'NONE',  ( 0.1529999999999999971, 0.07974123152059015007, 1.077762147106212461E-15 ) ) ;
#1142 = CARTESIAN_POINT ( 'NONE',  ( -0.04538837916684968637, 0.1203769860041458972, 0.1504641894419641579 ) ) ;
#1143 = EDGE_LOOP ( 'NONE', ( #1966, #501, #210, #1196 ) ) ;
#1144 = CARTESIAN_POINT ( 'NONE',  ( 0.0000000000000000000, 0.1000000000000000056, 0.0000000000000000000 ) ) ;
#1145 = ORIENTED_EDGE ( 'NONE', *, *, #123, .T. ) ;
#1146 = DIRECTION ( 'NONE',  ( 1.000000000000000000, -0.0000000000000000000, 1.224646799147353207E-16 ) ) ;
#1147 = B_SPLINE_CURVE_WITH_KNOTS ( 'NONE', 3,
 ( #370, #877, #218, #2062, #407, #1558, #1072, #1063, #738, #1228 ),
 .UNSPECIFIED., .F., .F.,
 ( 4, 3, 3, 4 ),
 ( 0.003775502061477020981, 0.004868655185592748146, 0.009737310371692150038, 0.01236465590972310805 ),
 .UNSPECIFIED. ) ;
#1148 = CARTESIAN_POINT ( 'NONE',  ( -0.07649999999999999856, 0.1130745648539236425, 0.1325018867790191124 ) ) ;
#1149 = ADVANCED_FACE ( 'NONE', ( #1848 ), #1346, .T. ) ;
#1150 = ADVANCED_FACE ( 'NONE', ( #846 ), #698, .T. ) ;
#1151 = CARTESIAN_POINT ( 'NONE',  ( -0.05750000000000000250, 0.06412758919714646455, -0.09959292143521043805 ) ) ;
#1152 = CARTESIAN_POINT ( 'NONE',  ( 0.01499999999999999944, 0.2793741335096832090, -0.09418689570995052163 ) ) ;
#1153 = CARTESIAN_POINT ( 'NONE',  ( 0.1065047068182009421, 0.01774966137137864303, 0.06438082294651165105 ) ) ;
#1154 = CIRCLE ( 'NONE', #878, 0.2620000000000000107 ) ;
#1155 = AXIS2_PLACEMENT_3D ( 'NONE', #608, #299, #1755 ) ;
#1156 = EDGE_LOOP ( 'NONE', ( #1946, #33, #1700, #322 ) ) ;
#1157 = AXIS2_PLACEMENT_3D ( 'NONE', #328, #1031, #47 ) ;
#1158 = FACE_OUTER_BOUND ( 'NONE', #1437, .T. ) ;
#1159 = CARTESIAN_POINT ( 'NONE',  ( 0.0000000000000000000, 0.1571943439279746002, 0.0000000000000000000 ) ) ;
#1160 = VECTOR ( 'NONE', #646, 39.37007874015748143 ) ;
#1161 = CARTESIAN_POINT ( 'NONE',  ( 0.01499999999999999944, 0.4665227366579071666, 0.08850282936771659836 ) ) ;
#1162 = CARTESIAN_POINT ( 'NONE',  ( 0.1150000000000000050, 0.09746092253047992926, 8.100826595896358937E-16 ) ) ;
#1163 = ORIENTED_EDGE ( 'NONE', *, *, #1845, .T. ) ;
#1164 = CARTESIAN_POINT ( 'NONE',  ( 0.0000000000000000000, 1.235000000000000098, -0.01149999999999999981 ) ) ;
#1165 = CARTESIAN_POINT ( 'NONE',  ( 0.1238461981321937605, 0.04427972530449035549, -0.03707801469604957156 ) ) ;
#1166 = EDGE_CURVE ( 'NONE', #479, #2109, #1363, .T. ) ;
#1167 = ORIENTED_EDGE ( 'NONE', *, *, #337, .T. ) ;
#1168 = PLANE ( 'NONE',  #1711 ) ;
#1169 = CARTESIAN_POINT ( 'NONE',  ( 0.004501813313374842911, 0.03065992651877102321, 0.1529337558451094592 ) ) ;
#1170 = CARTESIAN_POINT ( 'NONE',  ( -0.01499999999999999944, 0.1509861460152488177, 0.09808079952795235867 ) ) ;
#1171 = CARTESIAN_POINT ( 'NONE',  ( 0.08860933628236593307, 0.4630000000000000226, 0.01499999999999999944 ) ) ;
#1172 = VERTEX_POINT ( 'NONE', #1015 ) ;
#1173 = CARTESIAN_POINT ( 'NONE',  ( 0.008162741169775099628, 0.08304590799002165014, -0.1307454383777700846 ) ) ;
#1174 = EDGE_CURVE ( 'NONE', #1424, #304, #272, .T. ) ;
#1175 = ORIENTED_EDGE ( 'NONE', *, *, #1348, .T. ) ;
#1176 = CARTESIAN_POINT ( 'NONE',  ( -0.05750000000000000250, 0.001666666666666663304, -0.09959292143521043805 ) ) ;
#1177 = DIRECTION ( 'NONE',  ( 0.0000000000000000000, 1.000000000000000000, 0.0000000000000000000 ) ) ;
#1178 = CARTESIAN_POINT ( 'NONE',  ( 0.0000000000000000000, 0.5280000000000000249, 0.0000000000000000000 ) ) ;
#1179 = B_SPLINE_CURVE_WITH_KNOTS ( 'NONE', 3,
 ( #1388, #2061, #1849, #896, #379, #217, #714 ),
 .UNSPECIFIED., .F., .F.,
 ( 4, 3, 4 ),
 ( 0.0004950026065788990090, 0.0005954605942240715540, 0.0009068225387574954839 ),
 .UNSPECIFIED. ) ;
#1180 = CARTESIAN_POINT ( 'NONE',  ( 0.0000000000000000000, 0.06989910919719291571, 0.0000000000000000000 ) ) ;
#1181 = DIRECTION ( 'NONE',  ( 0.0000000000000000000, 0.0000000000000000000, -1.000000000000000000 ) ) ;
#1182 = CARTESIAN_POINT ( 'NONE',  ( 4.867971026610726694E-18, 1.235000000000000098, 0.01149999999999999981 ) ) ;
#1183 = ORIENTED_EDGE ( 'NONE', *, *, #1490, .F. ) ;
#1184 = DIRECTION ( 'NONE',  ( 0.0000000000000000000, 0.0000000000000000000, 1.000000000000000000 ) ) ;
#1185 = VECTOR ( 'NONE', #62, 39.37007874015748854 ) ;
#1186 = EDGE_CURVE ( 'NONE', #795, #408, #1860, .T. ) ;
#1187 = VECTOR ( 'NONE', #1314, 39.37007874015748854 ) ;
#1188 = CARTESIAN_POINT ( 'NONE',  ( -0.06791704319250925492, 0.06765801167989793363, 0.1119097964347184337 ) ) ;
#1189 = CARTESIAN_POINT ( 'NONE',  ( 0.1529999999999997751, 0.07140789818725687410, 0.04099622644196284499 ) ) ;
#1190 = STYLED_ITEM ( 'NONE', ( #1574 ), #688 ) ;
#1191 = EDGE_CURVE ( 'NONE', #274, #1053, #2002, .T. ) ;
#1192 = VECTOR ( 'NONE', #413, 39.37007874015748854 ) ;
#1193 = CARTESIAN_POINT ( 'NONE',  ( 0.0000000000000000000, 0.4630000000000000226, 0.0000000000000000000 ) ) ;
#1194 = CARTESIAN_POINT ( 'NONE',  ( 0.01499999999999999944, 0.5097381529686614288, -0.1186076107280600450 ) ) ;
#1195 = CARTESIAN_POINT ( 'NONE',  ( -0.01499999999999999944, 0.5280000000000000249, -0.08663291366742519040 ) ) ;
#1196 = ORIENTED_EDGE ( 'NONE', *, *, #1139, .T. ) ;
#1197 = CARTESIAN_POINT ( 'NONE',  ( -0.1529999999999999416, 0.02666666666666668573, -0.04099622644196177640 ) ) ;
#1198 = ORIENTED_EDGE ( 'NONE', *, *, #1339, .F. ) ;
#1199 = B_SPLINE_CURVE_WITH_KNOTS ( 'NONE', 3,
 ( #1341, #22, #1833, #1516, #1473, #32, #170, #189, #517, #2011 ),
 .UNSPECIFIED., .F., .F.,
 ( 4, 2, 2, 2, 4 ),
 ( 3.679904200040097469E-18, 0.0008430559064690684246, 0.001686111812938133163, 0.002529167719407197576, 0.003372223625876262423 ),
 .UNSPECIFIED. ) ;
#1200 = CARTESIAN_POINT ( 'NONE',  ( 0.007674335907059684318, 0.01881991101097901797, 0.1528074100571880090 ) ) ;
#1201 = DIRECTION ( 'NONE',  ( -2.664535259100375697E-15, 0.0000000000000000000, 1.000000000000000000 ) ) ;
#1202 = EDGE_CURVE ( 'NONE', #1267, #1969, #497, .T. ) ;
#1203 = CARTESIAN_POINT ( 'NONE',  ( 0.0000000000000000000, 0.1250000000000000000, 0.0000000000000000000 ) ) ;
#1204 = DIRECTION ( 'NONE',  ( -0.2588190451025215166, 0.9659258262890679791, -1.807324779027345033E-15 ) ) ;
#1205 = CARTESIAN_POINT ( 'NONE',  ( -0.01499999999999999944, 0.5158387266591579756, -0.1079569419507630385 ) ) ;
#1206 = DIRECTION ( 'NONE',  ( 1.000000000000000000, 0.0000000000000000000, 1.639989767676029929E-17 ) ) ;
#1207 = ORIENTED_EDGE ( 'NONE', *, *, #1106, .T. ) ;
#1208 = LINE ( 'NONE', #1350, #671 ) ;
#1209 = VERTEX_POINT ( 'NONE', #249 ) ;
#1210 = CARTESIAN_POINT ( 'NONE',  ( 0.0000000000000000000, 0.07799999999999999989, 0.1310000000000000053 ) ) ;
#1211 = CYLINDRICAL_SURFACE ( 'NONE', #329, 0.1310000000000000053 ) ;
#1212 = CARTESIAN_POINT ( 'NONE',  ( -0.1325018867790191124, 0.06307456485392362588, -0.07649999999999999856 ) ) ;
#1213 = CARTESIAN_POINT ( 'NONE',  ( 0.09989867288116748012, 0.05725095439086582555, -0.08415244559927718970 ) ) ;
#1214 = EDGE_CURVE ( 'NONE', #1841, #1267, #431, .T. ) ;
#1215 = DIRECTION ( 'NONE',  ( 6.982966722218759400E-15, 0.0000000000000000000, -1.000000000000000000 ) ) ;
#1216 = DIRECTION ( 'NONE',  ( 0.0000000000000000000, 1.000000000000000000, 0.0000000000000000000 ) ) ;
#1217 = ADVANCED_FACE ( 'NONE', ( #571 ), #1080, .F. ) ;
#1218 = ORIENTED_EDGE ( 'NONE', *, *, #1079, .T. ) ;
#1219 = CARTESIAN_POINT ( 'NONE',  ( -0.005013742406855169198, 0.1249999999999994726, -0.1310000000000000331 ) ) ;
#1220 = ORIENTED_EDGE ( 'NONE', *, *, #866, .F. ) ;
#1221 = CARTESIAN_POINT ( 'NONE',  ( 0.1325018867790185018, 0.06307456485392362588, 0.07650000000000098388 ) ) ;
#1222 = AXIS2_PLACEMENT_3D ( 'NONE', #233, #910, #742 ) ;
#1223 = CARTESIAN_POINT ( 'NONE',  ( -0.1529999999999999971, 0.07974123152059015007, -9.368238606741180121E-18 ) ) ;
#1224 = VECTOR ( 'NONE', #83, 39.37007874015748143 ) ;
#1225 = CARTESIAN_POINT ( 'NONE',  ( -0.004501813313375913235, 0.03065992651877102321, -0.1529337558451092371 ) ) ;
#1226 = CIRCLE ( 'NONE', #2069, 0.1000000000000000056 ) ;
#1227 = CARTESIAN_POINT ( 'NONE',  ( -0.09799919152463756888, 0.1536785077329631266, 0.01499999999999999944 ) ) ;
#1228 = CARTESIAN_POINT ( 'NONE',  ( -0.08860933628236593307, 0.4630000000000000226, -0.01499999999999999944 ) ) ;
#1229 = AXIS2_PLACEMENT_3D ( 'NONE', #179, #1216, #704 ) ;
#1230 =( BOUNDED_SURFACE ( )  B_SPLINE_SURFACE ( 1, 2, ( 
 ( #803, #1304, #1798, #658, #476, #1326, #1141, #1994, #341, #1808, #318, #1483, #1642 ),
 ( #2149, #649, #1316, #1985, #498, #996, #1162, #1817, #1665, #986, #177, #1656, #1385 ) ),
 .UNSPECIFIED., .F., .F., .F. ) 
 B_SPLINE_SURFACE_WITH_KNOTS ( ( 2, 2 ),
 ( 3, 2, 2, 2, 2, 2, 3 ),
 ( 0.0000000000000000000, 0.2240594535152529987 ),
 ( 0.0000000000000000000, 0.08333333333333330095, 0.1666666666666665186, 0.2500000000000000000, 0.3333333333333335369, 0.4166666666666665186, 0.4899999999999999911 ),
 .UNSPECIFIED. ) 
 GEOMETRIC_REPRESENTATION_ITEM ( )  RATIONAL_B_SPLINE_SURFACE ( (
 ( 1.000000000000000000, 0.9659258262890679791, 1.000000000000000000, 0.9659258262890679791, 1.000000000000000000, 0.9659258262890679791, 1.000000000000000000, 0.9659258262890679791, 1.000000000000000000, 0.9659258262890679791, 1.000000000000000000, 0.9700147271343799726, 0.9928035345122510069),
 ( 1.000000000000000000, 0.9659258262890679791, 1.000000000000000000, 0.9659258262890679791, 1.000000000000000000, 0.9659258262890679791, 1.000000000000000000, 0.9659258262890679791, 1.000000000000000000, 0.9659258262890679791, 1.000000000000000000, 0.9700147271343799726, 0.9928035345122510069) ) ) 
 REPRESENTATION_ITEM ( '' )  SURFACE ( )  );
#1231 = VERTEX_POINT ( 'NONE', #125 ) ;
#1232 = EDGE_CURVE ( 'NONE', #264, #1038, #112, .T. ) ;
#1233 = CARTESIAN_POINT ( 'NONE',  ( 0.09959292143521082663, 0.05166666666666661772, -0.05749999999999929473 ) ) ;
#1234 = VERTEX_POINT ( 'NONE', #605 ) ;
#1235 = CARTESIAN_POINT ( 'NONE',  ( 0.1162799047452165863, 0.1000000000000000056, -0.1000656027928111397 ) ) ;
#1236 = CARTESIAN_POINT ( 'NONE',  ( 0.0000000000000000000, 6.829619984160649418E-17, 0.0000000000000000000 ) ) ;
#1237 = CARTESIAN_POINT ( 'NONE',  ( 0.0000000000000000000, 0.3595693562987933301, 0.0000000000000000000 ) ) ;
#1238 =( LENGTH_UNIT ( ) NAMED_UNIT ( * ) SI_UNIT ( $, .METRE. ) );
#1239 = DIRECTION ( 'NONE',  ( 0.0000000000000000000, -0.9995511882695526928, 0.02995700300305643646 ) ) ;
#1240 = CARTESIAN_POINT ( 'NONE',  ( -0.01499999999999999944, 0.2151801597249826392, -0.09613450635659004373 ) ) ;
#1241 = ORIENTED_EDGE ( 'NONE', *, *, #1832, .F. ) ;
#1242 = CARTESIAN_POINT ( 'NONE',  ( -0.008349674173662165882, 0.1000000000000000056, 0.1337396087222992302 ) ) ;
#1243 = EDGE_CURVE ( 'NONE', #1053, #87, #2146, .T. ) ;
#1244 = EDGE_LOOP ( 'NONE', ( #1723, #1561, #1745, #2045, #1320, #1843, #1503, #1977, #1077, #999, #1788, #1589 ) ) ;
#1245 = CARTESIAN_POINT ( 'NONE',  ( -1.068393908499470278E-15, -0.01499999999999999944, 0.1529999999999999971 ) ) ;
#1246 = LINE ( 'NONE', #1269, #258 ) ;
#1247 = CARTESIAN_POINT ( 'NONE',  ( -0.05284438053120140560, 0.01500000000000001159, -0.1440304946217065285 ) ) ;
#1248 = ORIENTED_EDGE ( 'NONE', *, *, #1122, .F. ) ;
#1249 = DIRECTION ( 'NONE',  ( 0.0000000000000000000, -1.000000000000000000, 0.0000000000000000000 ) ) ;
#1250 = VERTEX_POINT ( 'NONE', #102 ) ;
#1251 = CARTESIAN_POINT ( 'NONE',  ( 0.08860933628236593307, 0.4630000000000000226, -0.01499999999999999944 ) ) ;
#1252 = EDGE_LOOP ( 'NONE', ( #139, #620, #1801, #1074 ) ) ;
#1253 = CARTESIAN_POINT ( 'NONE',  ( 0.1229390222998480442, 0.1000000000000000056, -0.09107687300274133757 ) ) ;
#1254 = B_SPLINE_CURVE_WITH_KNOTS ( 'NONE', 3,
 ( #1546, #724, #1871, #2059, #1897, #1720, #2038, #547, #1213, #557, #61, #1165, #405, #11, #1696, #1566, #1834, #1366, #489, #2001, #1153, #336 ),
 .UNSPECIFIED., .F., .F.,
 ( 4, 2, 2, 2, 2, 2, 2, 2, 2, 2, 4 ),
 ( 1.987375409620156722E-18, 0.0008307339852445612318, 0.001246100977866840005, 0.001661467970489118994, 0.002492201955733676973, 0.003322935940978234519, 0.004153669926222791631, 0.004984403911467349610, 0.005399770904089628600, 0.005815137896711907589, 0.006645871881956463834 ),
 .UNSPECIFIED. ) ;
#1255 = DIRECTION ( 'NONE',  ( 0.0000000000000000000, 0.0000000000000000000, -1.000000000000000000 ) ) ;
#1256 = EDGE_CURVE ( 'NONE', #253, #268, #1086, .T. ) ;
#1257 = DIRECTION ( 'NONE',  ( 0.0000000000000000000, 1.000000000000000000, 0.0000000000000000000 ) ) ;
#1258 = AXIS2_PLACEMENT_3D ( 'NONE', #2110, #1945, #448 ) ;
#1259 = AXIS2_PLACEMENT_3D ( 'NONE', #1236, #1906, #570 ) ;
#1260 = CARTESIAN_POINT ( 'NONE',  ( 0.0000000000000000000, 0.5097869938180542571, 0.1194677590656458011 ) ) ;
#1261 = CIRCLE ( 'NONE', #1544, 0.1154142853001830782 ) ;
#1262 = ORIENTED_EDGE ( 'NONE', *, *, #444, .F. ) ;
#1263 = CIRCLE ( 'NONE', #1438, 0.1000000000000000056 ) ;
#1264 = DIRECTION ( 'NONE',  ( 0.0000000000000000000, -1.000000000000000000, 0.0000000000000000000 ) ) ;
#1265 = ORIENTED_EDGE ( 'NONE', *, *, #1285, .T. ) ;
#1266 = CARTESIAN_POINT ( 'NONE',  ( 0.08418584287042152337, 0.06000000000000001860, -0.08418584287042030212 ) ) ;
#1267 = VERTEX_POINT ( 'NONE', #1103 ) ;
#1268 = CARTESIAN_POINT ( 'NONE',  ( 0.02069849382727536810, 0.1000000000000000056, -0.1520056362873677125 ) ) ;
#1269 = CARTESIAN_POINT ( 'NONE',  ( 0.0000000000000000000, 0.5280000000000000249, -0.1189219069999483958 ) ) ;
#1270 = FILL_AREA_STYLE_COLOUR ( '', #20 ) ;
#1271 = ADVANCED_FACE ( 'NONE', ( #1916 ), #1455, .F. ) ;
#1272 = LINE ( 'NONE', #1786, #252 ) ;
#1273 = ORIENTED_EDGE ( 'NONE', *, *, #1174, .T. ) ;
#1274 = ORIENTED_EDGE ( 'NONE', *, *, #1430, .F. ) ;
#1275 = CARTESIAN_POINT ( 'NONE',  ( 0.01499999999999999944, 0.1250000000000000000, -0.09886859966642598530 ) ) ;
#1276 = ORIENTED_EDGE ( 'NONE', *, *, #765, .F. ) ;
#1277 = CARTESIAN_POINT ( 'NONE',  ( 0.1218519496137118185, 0.07799999999999999989, 0.04809472294688276611 ) ) ;
#1278 = CARTESIAN_POINT ( 'NONE',  ( 0.005013742406855166596, 0.1249999999999994726, 0.1310000000000000331 ) ) ;
#1279 = PLANE ( 'NONE',  #187 ) ;
#1280 = CARTESIAN_POINT ( 'NONE',  ( -0.08303513933639465605, 0.01499999999999109164, -0.1289959592344384343 ) ) ;
#1281 = EDGE_CURVE ( 'NONE', #1707, #1172, #2102, .T. ) ;
#1282 = ORIENTED_EDGE ( 'NONE', *, *, #1525, .F. ) ;
#1283 = DIRECTION ( 'NONE',  ( 0.0000000000000000000, 0.0000000000000000000, -1.000000000000000000 ) ) ;
#1284 = VERTEX_POINT ( 'NONE', #590 ) ;
#1285 = EDGE_CURVE ( 'NONE', #1231, #1099, #1246, .T. ) ;
#1286 = ORIENTED_EDGE ( 'NONE', *, *, #137, .F. ) ;
#1287 = CARTESIAN_POINT ( 'NONE',  ( 0.0000000000000000000, 0.1250000000000000000, 0.0000000000000000000 ) ) ;
#1288 = DIRECTION ( 'NONE',  ( -0.0000000000000000000, -1.000000000000000000, -0.0000000000000000000 ) ) ;
#1289 = CARTESIAN_POINT ( 'NONE',  ( 0.1301383878799795280, 0.1250000000000000000, 0.01499999999999999944 ) ) ;
#1290 = DIRECTION ( 'NONE',  ( 0.0000000000000000000, 0.0000000000000000000, 1.000000000000000000 ) ) ;
#1291 = AXIS2_PLACEMENT_3D ( 'NONE', #819, #163, #1464 ) ;
#1292 = CARTESIAN_POINT ( 'NONE',  ( -0.04099622644196177640, 0.03807456485392353429, -0.1529999999999999416 ) ) ;
#1293 = CARTESIAN_POINT ( 'NONE',  ( -0.1529999999999999694, 0.02666666666666668226, -0.04099622644196177640 ) ) ;
#1294 = ORIENTED_EDGE ( 'NONE', *, *, #820, .T. ) ;
#1295 = DIRECTION ( 'NONE',  ( 6.982966722218760189E-15, 0.0000000000000000000, -1.000000000000000000 ) ) ;
#1296 = CIRCLE ( 'NONE', #1121, 0.08711270473939901338 ) ;
#1297 = AXIS2_PLACEMENT_3D ( 'NONE', #1959, #464, #15 ) ;
#1298 = EDGE_CURVE ( 'NONE', #941, #2064, #1907, .T. ) ;
#1299 = ORIENTED_EDGE ( 'NONE', *, *, #1281, .F. ) ;
#1300 = CARTESIAN_POINT ( 'NONE',  ( 0.1228051891398195122, 0.4080547628802202453, 0.005022020528009790707 ) ) ;
#1301 =( BOUNDED_CURVE ( )  B_SPLINE_CURVE ( 2, ( #994, #1981, #1620 ),
 .UNSPECIFIED., .F., .T. ) 
 B_SPLINE_CURVE_WITH_KNOTS ( ( 3, 3 ),
 ( 0.0000000000000000000, 0.0005406761387705426086 ),
 .UNSPECIFIED. ) 
 CURVE ( )  GEOMETRIC_REPRESENTATION_ITEM ( )  RATIONAL_B_SPLINE_CURVE ( ( 0.9928035345122511179, 0.9850002008051172986, 0.9833846894589425291 ) ) 
 REPRESENTATION_ITEM ( '' )  );
#1302 = PLANE ( 'NONE',  #126 ) ;
#1303 = CARTESIAN_POINT ( 'NONE',  ( -0.1325018867790191124, 0.06307456485392362588, -0.07649999999999999856 ) ) ;
#1304 = CARTESIAN_POINT ( 'NONE',  ( 0.04099622644196072169, 0.03807456485392353429, 0.1530000000000003857 ) ) ;
#1305 = B_SPLINE_CURVE_WITH_KNOTS ( 'NONE', 3,
 ( #1125, #1958, #778, #1947, #451, #1112 ),
 .UNSPECIFIED., .F., .F.,
 ( 4, 2, 4 ),
 ( 0.0008299193392105326354, 0.001473811596954938607, 0.002117703854699344579 ),
 .UNSPECIFIED. ) ;
#1306 = CARTESIAN_POINT ( 'NONE',  ( -0.1529999999999999416, 0.07140789818725687410, -0.04099622644196177640 ) ) ;
#1307 = CARTESIAN_POINT ( 'NONE',  ( 0.01499999999999999944, 0.4050454199496292818, -0.09037099110323992823 ) ) ;
#1308 = VERTEX_POINT ( 'NONE', #441 ) ;
#1309 = DIRECTION ( 'NONE',  ( 0.0000000000000000000, 0.0000000000000000000, 1.000000000000000000 ) ) ;
#1310 = ORIENTED_EDGE ( 'NONE', *, *, #234, .T. ) ;
#1311 = DIRECTION ( 'NONE',  ( 0.0000000000000000000, -1.000000000000000000, 0.0000000000000000000 ) ) ;
#1312 = EDGE_CURVE ( 'NONE', #312, #1099, #1773, .T. ) ;
#1313 = LINE ( 'NONE', #635, #330 ) ;
#1314 = DIRECTION ( 'NONE',  ( 0.0000000000000000000, -0.9995583643205788738, -0.02971660002034149511 ) ) ;
#1315 = EDGE_CURVE ( 'NONE', #583, #2118, #190, .T. ) ;
#1316 = CARTESIAN_POINT ( 'NONE',  ( 0.05749999999999929473, 0.06412758919714646455, 0.09959292143521082663 ) ) ;
#1317 = CARTESIAN_POINT ( 'NONE',  ( -0.09959292143521043805, 0.1141275891971464673, 0.05750000000000000250 ) ) ;
#1318 = CARTESIAN_POINT ( 'NONE',  ( -0.08860933628236593307, 0.4630000000000000226, 0.01499999999999999944 ) ) ;
#1319 = CARTESIAN_POINT ( 'NONE',  ( 0.1191199712138157479, 4.268512490100410046E-17, 0.0000000000000000000 ) ) ;
#1320 = ORIENTED_EDGE ( 'NONE', *, *, #2084, .F. ) ;
#1321 = DIRECTION ( 'NONE',  ( 0.0000000000000000000, 1.000000000000000000, 0.0000000000000000000 ) ) ;
#1322 = EDGE_CURVE ( 'NONE', #312, #1599, #946, .T. ) ;
#1323 = CARTESIAN_POINT ( 'NONE',  ( -0.1218519496137106389, 0.07799999999999999989, -0.04809472294688583310 ) ) ;
#1324 = CARTESIAN_POINT ( 'NONE',  ( 0.01499999999999999944, 0.1336620493902987150, 0.09860602332318769980 ) ) ;
#1325 = ADVANCED_FACE ( 'NONE', ( #1565 ), #2138, .T. ) ;
#1326 = CARTESIAN_POINT ( 'NONE',  ( 0.1529999999999997751, 0.07140789818725687410, 0.04099622644196284499 ) ) ;
#1327 = EDGE_LOOP ( 'NONE', ( #1134, #1310, #673, #1175 ) ) ;
#1328 = CARTESIAN_POINT ( 'NONE',  ( -0.009999999999996610558, 0.5097708054209537654, 0.1191829417018428483 ) ) ;
#1329 = CARTESIAN_POINT ( 'NONE',  ( -0.008349674173662165882, 0.08304590799002165014, 0.1337396087222992302 ) ) ;
#1330 = AXIS2_PLACEMENT_3D ( 'NONE', #436, #1098, #1598 ) ;
#1331 = AXIS2_PLACEMENT_3D ( 'NONE', #725, #406, #1215 ) ;
#1332 = ORIENTED_EDGE ( 'NONE', *, *, #866, .T. ) ;
#1333 = CARTESIAN_POINT ( 'NONE',  ( 0.001578566205624879967, 0.04156963324797323389, 0.1284451679397795310 ) ) ;
#1334 = AXIS2_PLACEMENT_3D ( 'NONE', #315, #971, #677 ) ;
#1335 = B_SPLINE_CURVE_WITH_KNOTS ( 'NONE', 3,
 ( #853, #1543, #861, #678 ),
 .UNSPECIFIED., .F., .F.,
 ( 4, 4 ),
 ( 0.0000000000000000000, 0.0003810000000000003163 ),
 .UNSPECIFIED. ) ;
#1336 = LINE ( 'NONE', #385, #296 ) ;
#1337 = CIRCLE ( 'NONE', #399, 0.1310000000000000053 ) ;
#1338 = CARTESIAN_POINT ( 'NONE',  ( -0.01499999999999999944, 0.2793741335096832090, 0.09418689570995052163 ) ) ;
#1339 = EDGE_CURVE ( 'NONE', #87, #777, #2070, .T. ) ;
#1340 = VERTEX_POINT ( 'NONE', #1407 ) ;
#1341 = CARTESIAN_POINT ( 'NONE',  ( -0.1229390222998474475, 0.1000000000000000056, 0.09107687300274214248 ) ) ;
#1342 = EDGE_LOOP ( 'NONE', ( #105, #2082, #1793, #120 ) ) ;
#1343 = CARTESIAN_POINT ( 'NONE',  ( 0.006349978138435191308, 0.02376248149088496311, 0.1253478053394120884 ) ) ;
#1344 = CARTESIAN_POINT ( 'NONE',  ( 0.005559346328527089813, 0.02671315957554130233, 0.1529026259210410910 ) ) ;
#1345 = CARTESIAN_POINT ( 'NONE',  ( 1.066822950241734736E-17, 0.5550000000000000488, 0.08711270473939901338 ) ) ;
#1346 = PLANE ( 'NONE',  #1929 ) ;
#1347 = CARTESIAN_POINT ( 'NONE',  ( -0.09562787314286998186, 0.2318815179278103933, 0.01499999999999999944 ) ) ;
#1348 = EDGE_CURVE ( 'NONE', #208, #848, #2078, .T. ) ;
#1349 = ORIENTED_EDGE ( 'NONE', *, *, #668, .F. ) ;
#1350 = CARTESIAN_POINT ( 'NONE',  ( 0.0000000000000000000, 0.5550000000000000488, -0.06800000000000000488 ) ) ;
#1351 = CARTESIAN_POINT ( 'NONE',  ( 0.001771927041089719265, 0.04084800078582456057, 0.1300807022495083787 ) ) ;
#1352 = FACE_OUTER_BOUND ( 'NONE', #900, .T. ) ;
#1353 = CARTESIAN_POINT ( 'NONE',  ( 0.005000000000000004441, 0.5097869938180542571, 0.1194677590656458011 ) ) ;
#1354 = CARTESIAN_POINT ( 'NONE',  ( 0.0000000000000000000, 0.01499999999999999944, 0.0000000000000000000 ) ) ;
#1355 = EDGE_LOOP ( 'NONE', ( #539, #810, #133, #439 ) ) ;
#1356 = CARTESIAN_POINT ( 'NONE',  ( -0.1150000000000001160, 0.04333333333333332094, 0.03081415712957912001 ) ) ;
#1357 = AXIS2_PLACEMENT_3D ( 'NONE', #288, #944, #1452 ) ;
#1358 = EDGE_CURVE ( 'NONE', #338, #564, #1684, .T. ) ;
#1359 = AXIS2_PLACEMENT_3D ( 'NONE', #127, #1114, #136 ) ;
#1360 = ORIENTED_EDGE ( 'NONE', *, *, #1845, .F. ) ;
#1361 = DIRECTION ( 'NONE',  ( -1.000000000000000000, 0.0000000000000000000, 1.639989767676029929E-17 ) ) ;
#1362 = CARTESIAN_POINT ( 'NONE',  ( -0.1312884689169283581, 0.1249999999999996669, 0.005022020528009790707 ) ) ;
#1363 = CIRCLE ( 'NONE', #1510, 0.08242191837521850584 ) ;
#1364 = AXIS2_PLACEMENT_3D ( 'NONE', #1943, #619, #1283 ) ;
#1365 = CARTESIAN_POINT ( 'NONE',  ( 0.01001923393836935336, 0.5120957157809624682, -0.1191110461420255284 ) ) ;
#1366 = CARTESIAN_POINT ( 'NONE',  ( 0.1206150131220217747, 0.02577301803108443187, 0.03594353226429284481 ) ) ;
#1367 = CARTESIAN_POINT ( 'NONE',  ( -0.08860933628236593307, 0.4630000000000000226, 0.01499999999999999944 ) ) ;
#1368 = ORIENTED_EDGE ( 'NONE', *, *, #1697, .F. ) ;
#1369 = CARTESIAN_POINT ( 'NONE',  ( 0.1301383878799795002, 0.1249999999999996253, 0.01500000000000002547 ) ) ;
#1370 = ORIENTED_EDGE ( 'NONE', *, *, #1672, .F. ) ;
#1371 = CARTESIAN_POINT ( 'NONE',  ( -0.1275884679610735650, 0.03378411621568972595, -0.005105157781567462583 ) ) ;
#1372 = EDGE_CURVE ( 'NONE', #1579, #1390, #1313, .T. ) ;
#1373 = CARTESIAN_POINT ( 'NONE',  ( 0.0000000000000000000, 0.1795551952875370227, 0.0000000000000000000 ) ) ;
#1374 = DIRECTION ( 'NONE',  ( -6.982966722218760189E-15, 0.0000000000000000000, 1.000000000000000000 ) ) ;
#1375 = EDGE_CURVE ( 'NONE', #719, #947, #1301, .T. ) ;
#1376 = FACE_OUTER_BOUND ( 'NONE', #1975, .T. ) ;
#1377 = ADVANCED_BREP_SHAPE_REPRESENTATION ( 'NORDSONEFD-7018210  TIP 20GA TT .023 ESD SAFE BLK', ( #688, #1859 ), #2032 ) ;
#1378 = CARTESIAN_POINT ( 'NONE',  ( -0.09369003332343538160, 0.2957452371150572357, 0.01499999999999999944 ) ) ;
#1379 =( BOUNDED_SURFACE ( )  B_SPLINE_SURFACE ( 3, 1, ( 
 ( #1922, #718 ),
 ( #1735, #1065 ),
 ( #1935, #1219 ),
 ( #244, #753 ) ),
 .UNSPECIFIED., .F., .F., .F. ) 
 B_SPLINE_SURFACE_WITH_KNOTS ( ( 4, 4 ),
 ( 2, 2 ),
 ( 0.0000000000000000000, 1.000000000000000000 ),
 ( 0.0000000000000000000, 1.000000000000000000 ),
 .UNSPECIFIED. ) 
 GEOMETRIC_REPRESENTATION_ITEM ( )  RATIONAL_B_SPLINE_SURFACE ( (
 ( 1.000000000000000000, 1.000000000000000000),
 ( 0.9989028986504913110, 0.9989028986504913110),
 ( 0.9989028986504913110, 0.9989028986504913110),
 ( 1.000000000000000000, 1.000000000000000000) ) ) 
 REPRESENTATION_ITEM ( '' )  SURFACE ( )  );
#1380 = ORIENTED_EDGE ( 'NONE', *, *, #123, .F. ) ;
#1381 = DIRECTION ( 'NONE',  ( 0.0000000000000000000, 1.000000000000000000, 0.0000000000000000000 ) ) ;
#1382 = ORIENTED_EDGE ( 'NONE', *, *, #1819, .T. ) ;
#1383 = CARTESIAN_POINT ( 'NONE',  ( 0.1166716232812737147, 0.07487683641884221308, 0.05988806161278777823 ) ) ;
#1384 = CARTESIAN_POINT ( 'NONE',  ( -0.001771927041090615249, 0.04084800078582459526, -0.1300807022495082677 ) ) ;
#1385 = CARTESIAN_POINT ( 'NONE',  ( 0.007165765149039222959, 0.1455068305205014789, -0.1147765298736150713 ) ) ;
#1386 = CARTESIAN_POINT ( 'NONE',  ( 0.008349674173663090490, 0.08304590799002165014, -0.1337396087222992302 ) ) ;
#1387 = EDGE_CURVE ( 'NONE', #1727, #618, #1261, .T. ) ;
#1388 = CARTESIAN_POINT ( 'NONE',  ( -0.008697877977611319714, 0.01499999999999999944, -0.1527525676336944915 ) ) ;
#1389 = CARTESIAN_POINT ( 'NONE',  ( -0.1228572306927576963, 0.4064030219849716352, 0.005000000000000019186 ) ) ;
#1390 = VERTEX_POINT ( 'NONE', #647 ) ;
#1391 = CARTESIAN_POINT ( 'NONE',  ( 0.08418584287042030212, 0.01000000000000001062, 0.08418584287042152337 ) ) ;
#1392 = VERTEX_POINT ( 'NONE', #166 ) ;
#1393 = CARTESIAN_POINT ( 'NONE',  ( 0.1218519496137118185, 0.07799999999999999989, 0.04809472294688275917 ) ) ;
#1394 = FACE_OUTER_BOUND ( 'NONE', #117, .T. ) ;
#1395 = AXIS2_PLACEMENT_3D ( 'NONE', #1061, #1024, #885 ) ;
#1396 = DIRECTION ( 'NONE',  ( -1.000000000000000000, 0.0000000000000000000, 0.0000000000000000000 ) ) ;
#1397 = AXIS2_PLACEMENT_3D ( 'NONE', #1973, #475, #1140 ) ;
#1398 = CARTESIAN_POINT ( 'NONE',  ( -0.09886859966642598530, 0.1250000000000000000, 0.01499999999999999944 ) ) ;
#1399 = VECTOR ( 'NONE', #1481, 39.37007874015748143 ) ;
#1400 = LINE ( 'NONE', #906, #736 ) ;
#1401 = ADVANCED_FACE ( 'NONE', ( #2147 ), #427, .F. ) ;
#1402 = EDGE_LOOP ( 'NONE', ( #980, #1885, #21, #1198 ) ) ;
#1403 = CARTESIAN_POINT ( 'NONE',  ( 0.0000000000000000000, 0.1250000000000000000, 0.0000000000000000000 ) ) ;
#1404 = B_SPLINE_CURVE_WITH_KNOTS ( 'NONE', 3,
 ( #849, #681, #1307, #818, #1152, #2, #651, #335, #989, #1668 ),
 .UNSPECIFIED., .F., .F.,
 ( 4, 3, 3, 4 ),
 ( 0.01562151209499225424, 0.02030824600805525293, 0.02520207755214447926, 0.02586242889993269414 ),
 .UNSPECIFIED. ) ;
#1405 = ORIENTED_EDGE ( 'NONE', *, *, #1644, .F. ) ;
#1406 = FACE_OUTER_BOUND ( 'NONE', #826, .T. ) ;
#1407 = CARTESIAN_POINT ( 'NONE',  ( 0.008697877977610591130, 0.01499999999999960740, 0.1230056642772692915 ) ) ;
#1408 = DIRECTION ( 'NONE',  ( 0.0000000000000000000, 0.0000000000000000000, 1.000000000000000000 ) ) ;
#1409 = CARTESIAN_POINT ( 'NONE',  ( -0.09242326294693757605, 0.01500000000000000291, -0.1224506363931786579 ) ) ;
#1410 = FILL_AREA_STYLE ('',( #953 ) ) ;
#1411 = ADVANCED_FACE ( 'NONE', ( #295 ), #665, .T. ) ;
#1412 = EDGE_LOOP ( 'NONE', ( #1636, #578 ) ) ;
#1413 = DIRECTION ( 'NONE',  ( 0.0000000000000000000, 0.0000000000000000000, -1.000000000000000000 ) ) ;
#1414 = ORIENTED_EDGE ( 'NONE', *, *, #2063, .T. ) ;
#1415 = CARTESIAN_POINT ( 'NONE',  ( 0.09967382225618817704, 0.4441045744630613967, -0.01500000000000000291 ) ) ;
#1416 = EDGE_CURVE ( 'NONE', #1629, #1599, #1016, .T. ) ;
#1417 = VERTEX_POINT ( 'NONE', #1991 ) ;
#1418 = CARTESIAN_POINT ( 'NONE',  ( 0.009533583198286963226, 0.08304590799002163626, -0.1527026875709834308 ) ) ;
#1419 = APPLICATION_CONTEXT ( 'automotive_design' ) ;
#1420 = CARTESIAN_POINT ( 'NONE',  ( 0.01500000000000003934, 0.1249999999999994865, 0.1301383878799795280 ) ) ;
#1421 = DIRECTION ( 'NONE',  ( 0.0000000000000000000, 0.0000000000000000000, 1.000000000000000000 ) ) ;
#1422 = CARTESIAN_POINT ( 'NONE',  ( 0.09967820956012481137, 0.01499999999999999944, 0.07259683921833780251 ) ) ;
#1423 =( LENGTH_UNIT ( ) NAMED_UNIT ( * ) SI_UNIT ( $, .METRE. ) );
#1424 = VERTEX_POINT ( 'NONE', #832 ) ;
#1425 = CARTESIAN_POINT ( 'NONE',  ( 0.0000000000000000000, 0.1250000000000000000, 0.0000000000000000000 ) ) ;
#1426 = ORIENTED_EDGE ( 'NONE', *, *, #1312, .F. ) ;
#1427 = CARTESIAN_POINT ( 'NONE',  ( -0.01499999999999999944, 0.5097381529686614288, 0.1186076107280600450 ) ) ;
#1428 = EDGE_LOOP ( 'NONE', ( #2067, #1497, #2092, #868 ) ) ;
#1429 = CARTESIAN_POINT ( 'NONE',  ( 0.1325018867790185018, 0.01833333333333334730, 0.07650000000000098388 ) ) ;
#1430 = EDGE_CURVE ( 'NONE', #786, #1760, #741, .T. ) ;
#1431 = DIRECTION ( 'NONE',  ( 0.0000000000000000000, 1.000000000000000000, 0.0000000000000000000 ) ) ;
#1432 = DIRECTION ( 'NONE',  ( 0.0000000000000000000, -0.9995511882695526928, -0.02995700300305658911 ) ) ;
#1433 = CIRCLE ( 'NONE', #390, 0.07892334820432933551 ) ;
#1434 = CONICAL_SURFACE ( 'NONE', #394, 0.08449999999999999178, 0.02972097543023278707 ) ;
#1435 = CARTESIAN_POINT ( 'NONE',  ( -0.1236754507398287461, 0.01499999999999999944, -0.09007431867241733059 ) ) ;
#1436 = AXIS2_PLACEMENT_3D ( 'NONE', #1203, #1870, #259 ) ;
#1437 = EDGE_LOOP ( 'NONE', ( #1019, #1999, #1586, #2094 ) ) ;
#1438 = AXIS2_PLACEMENT_3D ( 'NONE', #276, #1264, #1933 ) ;
#1439 = DIRECTION ( 'NONE',  ( 0.0000000000000000000, -1.000000000000000000, 0.0000000000000000000 ) ) ;
#1440 = ORIENTED_EDGE ( 'NONE', *, *, #1387, .F. ) ;
#1441 = FACE_OUTER_BOUND ( 'NONE', #2130, .T. ) ;
#1442 = EDGE_LOOP ( 'NONE', ( #821, #931, #1453, #716 ) ) ;
#1443 = CARTESIAN_POINT ( 'NONE',  ( 0.0000000000000000000, 0.4430236490923204484, 0.0000000000000000000 ) ) ;
#1444 = EDGE_CURVE ( 'NONE', #1052, #447, #1649, .T. ) ;
#1445 = CARTESIAN_POINT ( 'NONE',  ( 0.01500000000000003934, 0.5120957157809624682, 0.1185369535000191932 ) ) ;
#1446 = DIRECTION ( 'NONE',  ( 0.0000000000000000000, 1.000000000000000000, 0.0000000000000000000 ) ) ;
#1447 = EDGE_CURVE ( 'NONE', #1979, #601, #636, .T. ) ;
#1448 = CARTESIAN_POINT ( 'NONE',  ( -0.1169792202529251202, 0.01499999999999999944, -0.09926849672373790068 ) ) ;
#1449 = VERTEX_POINT ( 'NONE', #453 ) ;
#1450 = PLANE ( 'NONE',  #1364 ) ;
#1451 = ORIENTED_EDGE ( 'NONE', *, *, #234, .F. ) ;
#1452 = DIRECTION ( 'NONE',  ( 0.0000000000000000000, 0.0000000000000000000, -1.000000000000000000 ) ) ;
#1453 = ORIENTED_EDGE ( 'NONE', *, *, #1765, .T. ) ;
#1454 = CARTESIAN_POINT ( 'NONE',  ( 0.0000000000000000000, 0.1250000000000000000, 0.01499999999999999944 ) ) ;
#1455 =( BOUNDED_SURFACE ( )  B_SPLINE_SURFACE ( 3, 1, ( 
 ( #421, #766 ),
 ( #270, #1278 ),
 ( #936, #2101 ),
 ( #1445, #1420 ) ),
 .UNSPECIFIED., .F., .F., .F. ) 
 B_SPLINE_SURFACE_WITH_KNOTS ( ( 4, 4 ),
 ( 2, 2 ),
 ( 0.0000000000000000000, 1.000000000000000000 ),
 ( 0.0000000000000000000, 1.000000000000000000 ),
 .UNSPECIFIED. ) 
 GEOMETRIC_REPRESENTATION_ITEM ( )  RATIONAL_B_SPLINE_SURFACE ( (
 ( 1.000000000000000000, 1.000000000000000000),
 ( 0.9989028986504913110, 0.9989028986504913110),
 ( 0.9989028986504913110, 0.9989028986504913110),
 ( 1.000000000000000000, 1.000000000000000000) ) ) 
 REPRESENTATION_ITEM ( '' )  SURFACE ( )  );
#1456 = CARTESIAN_POINT ( 'NONE',  ( 0.01013001348391425263, 0.4630000000000000226, -0.01499999999999999944 ) ) ;
#1457 = CARTESIAN_POINT ( 'NONE',  ( -0.04538837916684968637, 0.1203769860041458972, 0.1504641894419641579 ) ) ;
#1458 = DIRECTION ( 'NONE',  ( 0.0000000000000000000, 1.000000000000000000, 0.0000000000000000000 ) ) ;
#1459 = PRODUCT_CONTEXT ( 'NONE', #1419, 'mechanical' ) ;
#1460 = ADVANCED_FACE ( 'NONE', ( #1499 ), #156, .T. ) ;
#1461 = ORIENTED_EDGE ( 'NONE', *, *, #137, .T. ) ;
#1462 = PLANE ( 'NONE',  #1043 ) ;
#1463 = ORIENTED_EDGE ( 'NONE', *, *, #1780, .T. ) ;
#1464 = DIRECTION ( 'NONE',  ( 0.0000000000000000000, 0.0000000000000000000, 1.000000000000000000 ) ) ;
#1465 = ORIENTED_EDGE ( 'NONE', *, *, #2143, .T. ) ;
#1466 = CARTESIAN_POINT ( 'NONE',  ( -0.1247858877718599491, 0.1000000000000000056, 0.08273064968726884238 ) ) ;
#1467 = CARTESIAN_POINT ( 'NONE',  ( -0.09411441034269636685, 0.06568707378150048792, -0.09093819257526176980 ) ) ;
#1468 = CARTESIAN_POINT ( 'NONE',  ( 0.01499999999999999944, 0.2151801597249826392, 0.09613450635659004373 ) ) ;
#1469 = CARTESIAN_POINT ( 'NONE',  ( -0.1236754507398287461, 0.01499999999999999944, -0.09007431867241733059 ) ) ;
#1470 = CIRCLE ( 'NONE', #1222, 0.08792190699994843761 ) ;
#1471 = CARTESIAN_POINT ( 'NONE',  ( -0.03081415712957912001, 0.05579425586381315388, -0.1150000000000001160 ) ) ;
#1472 = ADVANCED_FACE ( 'NONE', ( #2122 ), #1302, .F. ) ;
#1473 = CARTESIAN_POINT ( 'NONE',  ( -0.08276130703628267749, 0.1000000000000080130, 0.1291560704991510378 ) ) ;
#1474 = ORIENTED_EDGE ( 'NONE', *, *, #1285, .F. ) ;
#1475 = CARTESIAN_POINT ( 'NONE',  ( 0.07650000000000098388, 0.06833333333333327375, -0.1325018867790185018 ) ) ;
#1476 = AXIS2_PLACEMENT_3D ( 'NONE', #1783, #950, #791 ) ;
#1477 = VECTOR ( 'NONE', #92, 39.37007874015748854 ) ;
#1478 = ORIENTED_EDGE ( 'NONE', *, *, #1982, .F. ) ;
#1479 = ADVANCED_FACE ( 'NONE', ( #1138 ), #1717, .F. ) ;
#1480 = CARTESIAN_POINT ( 'NONE',  ( 0.0000000000000000000, 0.5550000000000000488, 0.0000000000000000000 ) ) ;
#1481 = DIRECTION ( 'NONE',  ( -1.000000000000000000, 0.0000000000000000000, -1.639989767676029929E-17 ) ) ;
#1482 = DIRECTION ( 'NONE',  ( 0.0000000000000000000, -1.000000000000000000, 0.0000000000000000000 ) ) ;
#1483 = CARTESIAN_POINT ( 'NONE',  ( 0.04538837916685065088, 0.1203769860041458972, -0.1504641894419637693 ) ) ;
#1484 = CARTESIAN_POINT ( 'NONE',  ( -0.09959292143521043805, 0.08079425586381319691, -0.05750000000000000250 ) ) ;
#1485 = CARTESIAN_POINT ( 'NONE',  ( 0.09369003332343538160, 0.2957452371150572357, 0.01499999999999999944 ) ) ;
#1486 = PLANE ( 'NONE',  #1712 ) ;
#1487 = EDGE_CURVE ( 'NONE', #947, #1957, #625, .T. ) ;
#1488 = ORIENTED_EDGE ( 'NONE', *, *, #577, .T. ) ;
#1489 = FACE_OUTER_BOUND ( 'NONE', #461, .T. ) ;
#1490 = EDGE_CURVE ( 'NONE', #1231, #1579, #1671, .T. ) ;
#1491 = CARTESIAN_POINT ( 'NONE',  ( -0.1065001478066890939, 0.07029380807286236821, -0.07636083443910714197 ) ) ;
#1492 = CARTESIAN_POINT ( 'NONE',  ( -0.04099622644196177640, -0.006666666666666660156, -0.1529999999999999416 ) ) ;
#1493 = LINE ( 'NONE', #1840, #124 ) ;
#1494 = ORIENTED_EDGE ( 'NONE', *, *, #1051, .F. ) ;
#1495 = CARTESIAN_POINT ( 'NONE',  ( 0.0000000000000000000, 0.5097869938180542571, 0.1194677590656458011 ) ) ;
#1496 = CARTESIAN_POINT ( 'NONE',  ( 0.008697877977610256328, 0.01499999999999999944, 0.1527525676336946858 ) ) ;
#1497 = ORIENTED_EDGE ( 'NONE', *, *, #444, .T. ) ;
#1498 = CARTESIAN_POINT ( 'NONE',  ( 0.0000000000000000000, 0.1250000000000000000, 0.0000000000000000000 ) ) ;
#1499 = FACE_OUTER_BOUND ( 'NONE', #1442, .T. ) ;
#1500 = EDGE_CURVE ( 'NONE', #1007, #98, #1336, .T. ) ;
#1501 = CARTESIAN_POINT ( 'NONE',  ( 0.01499999999999999944, 0.1250000000000000000, 0.09886859966642598530 ) ) ;
#1502 = CARTESIAN_POINT ( 'NONE',  ( -0.008349674173662165882, 0.1366469850155566934, 0.1337396087222992302 ) ) ;
#1503 = ORIENTED_EDGE ( 'NONE', *, *, #2099, .T. ) ;
#1504 = DIRECTION ( 'NONE',  ( 0.0000000000000000000, 0.0000000000000000000, -1.000000000000000000 ) ) ;
#1505 = VECTOR ( 'NONE', #1782, 39.37007874015748854 ) ;
#1506 = CIRCLE ( 'NONE', #1155, 0.08792190699994843761 ) ;
#1507 = EDGE_LOOP ( 'NONE', ( #1678, #41, #653, #382 ) ) ;
#1508 = CIRCLE ( 'NONE', #1359, 0.07982665463997913602 ) ;
#1509 = CARTESIAN_POINT ( 'NONE',  ( -0.008697877977611319714, 0.01499999999999999944, -0.1230056642772673348 ) ) ;
#1510 = AXIS2_PLACEMENT_3D ( 'NONE', #1180, #72, #687 ) ;
#1511 = CARTESIAN_POINT ( 'NONE',  ( -0.01499999999999999944, 0.5097381529686614288, -0.1186076107280600450 ) ) ;
#1512 = CIRCLE ( 'NONE', #333, 0.1310000000000000053 ) ;
#1513 = FACE_OUTER_BOUND ( 'NONE', #1781, .T. ) ;
#1514 = CARTESIAN_POINT ( 'NONE',  ( 0.0000000000000000000, 0.1249999999999994865, -0.1310000000000000053 ) ) ;
#1515 = CARTESIAN_POINT ( 'NONE',  ( 0.0000000000000000000, 0.02974123152059019934, -0.1529999999999999971 ) ) ;
#1516 = CARTESIAN_POINT ( 'NONE',  ( -0.09201575950548422644, 0.09999999999999993616, 0.1227399416207954758 ) ) ;
#1517 = ORIENTED_EDGE ( 'NONE', *, *, #904, .T. ) ;
#1518 = CARTESIAN_POINT ( 'NONE',  ( -0.1217089477800704644, 0.4062583377399779372, 0.01499999999999999944 ) ) ;
#1519 = CARTESIAN_POINT ( 'NONE',  ( -0.1187053540961605924, 0.02440056638801665553, -0.04096129364717540633 ) ) ;
#1520 = CARTESIAN_POINT ( 'NONE',  ( 8.327598234202001858E-18, 0.5550000000000000488, 0.06800000000000000488 ) ) ;
#1521 = CARTESIAN_POINT ( 'NONE',  ( -0.05228966543238487696, 0.01499999999999999944, -0.6040756493107677372 ) ) ;
#1522 =( BOUNDED_CURVE ( )  B_SPLINE_CURVE ( 2, ( #1898, #51, #1732, #2017, #1882, #516, #2025, #359, #1017, #689, #1688 ),
 .UNSPECIFIED., .F., .T. ) 
 B_SPLINE_CURVE_WITH_KNOTS ( ( 3, 2, 2, 2, 2, 3 ),
 ( 0.1497240401763660078, 0.1666666666666665186, 0.2500000000000000000, 0.3333333333333335369, 0.4166666666666665186, 0.4899999999999999911 ),
 .UNSPECIFIED. ) 
 CURVE ( )  GEOMETRIC_REPRESENTATION_ITEM ( )  RATIONAL_B_SPLINE_CURVE ( ( 0.9889616070548136184, 0.9930723280222006899, 1.000000000000000000, 0.9659258262890679791, 1.000000000000000000, 0.9659258262890679791, 1.000000000000000000, 0.9659258262890679791, 1.000000000000000000, 0.9700147271343799726, 0.9928035345122510069 ) ) 
 REPRESENTATION_ITEM ( '' )  );
#1523 = DIRECTION ( 'NONE',  ( -1.000000000000000000, -0.0000000000000000000, -0.0000000000000000000 ) ) ;
#1524 = FACE_OUTER_BOUND ( 'NONE', #1402, .T. ) ;
#1525 = EDGE_CURVE ( 'NONE', #1552, #1417, #525, .T. ) ;
#1526 = UNCERTAINTY_MEASURE_WITH_UNIT (LENGTH_MEASURE( 1.000000000000000082E-05 ), #1070, 'distance_accuracy_value', 'NONE');
#1527 = ORIENTED_EDGE ( 'NONE', *, *, #1375, .T. ) ;
#1528 = CARTESIAN_POINT ( 'NONE',  ( -0.01499999999999999944, 0.1250000000000000000, 0.09886859966642598530 ) ) ;
#1529 = CARTESIAN_POINT ( 'NONE',  ( -0.1166301184983082884, 0.04957671161376911440, 0.05721444260020179529 ) ) ;
#1530 = CARTESIAN_POINT ( 'NONE',  ( -0.003717942919513560467, 0.03358537065521431664, -0.1464114650341783730 ) ) ;
#1531 = DIRECTION ( 'NONE',  ( 0.0000000000000000000, 0.0000000000000000000, 1.000000000000000000 ) ) ;
#1532 = CARTESIAN_POINT ( 'NONE',  ( 0.03105764608176334735, 0.01500000000000000465, 0.1502422528936509794 ) ) ;
#1533 = CARTESIAN_POINT ( 'NONE',  ( -0.1217089477800704644, 0.4062583377399779372, 0.01499999999999999944 ) ) ;
#1534 = CARTESIAN_POINT ( 'NONE',  ( -0.01499999999999999944, 0.2793741335096832090, -0.09418689570995052163 ) ) ;
#1535 = PRODUCT_DEFINITION_SHAPE ( 'NONE', 'NONE',  #1104 ) ;
#1536 = ADVANCED_FACE ( 'NONE', ( #46 ), #852, .T. ) ;
#1537 = ORIENTED_EDGE ( 'NONE', *, *, #2063, .F. ) ;
#1538 = CARTESIAN_POINT ( 'NONE',  ( -0.07649999999999999856, 0.001666666666666677182, -0.1325018867790191124 ) ) ;
#1539 = VECTOR ( 'NONE', #1381, 39.37007874015748143 ) ;
#1540 = TOROIDAL_SURFACE ( 'NONE', #158, 0.2203609726514586808, 0.1380000000000000115 ) ;
#1541 = ORIENTED_EDGE ( 'NONE', *, *, #1660, .F. ) ;
#1542 = CARTESIAN_POINT ( 'NONE',  ( 0.0000000000000000000, 0.003579766536965023511, 0.0000000000000000000 ) ) ;
#1543 = CARTESIAN_POINT ( 'NONE',  ( 0.01000000000000000368, 0.5097708054209529882, -0.1191829417018425707 ) ) ;
#1544 = AXIS2_PLACEMENT_3D ( 'NONE', #801, #1288, #1805 ) ;
#1545 = AXIS2_PLACEMENT_3D ( 'NONE', #1990, #614, #1827 ) ;
#1546 = CARTESIAN_POINT ( 'NONE',  ( 0.02863621076571744306, 0.07799999999999999989, -0.1278317935139041406 ) ) ;
#1547 = DIMENSIONAL_EXPONENTS ( 1.000000000000000000, 0.0000000000000000000, 0.0000000000000000000, 0.0000000000000000000, 0.0000000000000000000, 0.0000000000000000000, 0.0000000000000000000 ) ;
#1548 = CARTESIAN_POINT ( 'NONE',  ( -0.01499999999999999944, 0.4665227366579073331, -0.08850282936771659836 ) ) ;
#1549 = VERTEX_POINT ( 'NONE', #2006 ) ;
#1550 = ORIENTED_EDGE ( 'NONE', *, *, #69, .F. ) ;
#1551 = CARTESIAN_POINT ( 'NONE',  ( 0.02000000000000000042, 1.235000000000000098, 0.0000000000000000000 ) ) ;
#1552 = VERTEX_POINT ( 'NONE', #1210 ) ;
#1553 = DIRECTION ( 'NONE',  ( -1.639989767676029929E-17, -4.915123804745440460E-19, -1.000000000000000000 ) ) ;
#1554 = CARTESIAN_POINT ( 'NONE',  ( -0.002547749542441305175, 0.03795259179312857750, -0.1366179873155938806 ) ) ;
#1555 = EDGE_CURVE ( 'NONE', #1709, #1669, #452, .T. ) ;
#1556 = DIRECTION ( 'NONE',  ( -0.9659258262890680902, -0.2588190451025215721, -6.745027901108231495E-15 ) ) ;
#1557 = CARTESIAN_POINT ( 'NONE',  ( -0.09175059987892204838, 0.3596089078929972649, 0.01499999999999999944 ) ) ;
#1558 = CARTESIAN_POINT ( 'NONE',  ( -0.09369003332343538160, 0.2957452371150572357, -0.01499999999999999944 ) ) ;
#1559 = EDGE_LOOP ( 'NONE', ( #1056, #2120, #510, #164 ) ) ;
#1560 = DIRECTION ( 'NONE',  ( 0.0000000000000000000, 0.0000000000000000000, -1.000000000000000000 ) ) ;
#1561 = ORIENTED_EDGE ( 'NONE', *, *, #1068, .T. ) ;
#1562 = CARTESIAN_POINT ( 'NONE',  ( 0.09847771282135209248, 0.06722255226477019674, 0.08629618924846042816 ) ) ;
#1563 = CARTESIAN_POINT ( 'NONE',  ( 0.1229390222998480442, 0.1000000000000000056, -0.09107687300274133757 ) ) ;
#1564 = EDGE_CURVE ( 'NONE', #268, #253, #909, .T. ) ;
#1565 = FACE_OUTER_BOUND ( 'NONE', #1799, .T. ) ;
#1566 = CARTESIAN_POINT ( 'NONE',  ( 0.1249427222161697548, 0.02981336335457408782, 0.02068599267863676858 ) ) ;
#1567 = CARTESIAN_POINT ( 'NONE',  ( -0.007165765149038428455, 0.1455068305205014789, 0.1147765298736150713 ) ) ;
#1568 = CARTESIAN_POINT ( 'NONE',  ( -0.1217089477800704644, 0.4062583377399779372, -0.01499999999999999944 ) ) ;
#1569 = ORIENTED_EDGE ( 'NONE', *, *, #1372, .F. ) ;
#1570 = CARTESIAN_POINT ( 'NONE',  ( 0.1106985571687044007, 0.4251856889129564943, -0.01500000000000000291 ) ) ;
#1571 = ORIENTED_EDGE ( 'NONE', *, *, #378, .F. ) ;
#1572 = CARTESIAN_POINT ( 'NONE',  ( 0.0000000000000000000, 0.07799999999999999989, 0.0000000000000000000 ) ) ;
#1573 = CARTESIAN_POINT ( 'NONE',  ( 0.1200083743960653621, 0.4630000000000000226, -0.01499999999999999944 ) ) ;
#1574 = PRESENTATION_STYLE_ASSIGNMENT (( #1908 ) ) ;
#1575 = AXIS2_PLACEMENT_3D ( 'NONE', #1640, #814, #483 ) ;
#1576 = CARTESIAN_POINT ( 'NONE',  ( -0.08860933628236593307, 0.4630000000000000226, -0.01499999999999999944 ) ) ;
#1577 = EDGE_CURVE ( 'NONE', #1669, #1836, #40, .T. ) ;
#1578 = MECHANICAL_DESIGN_GEOMETRIC_PRESENTATION_REPRESENTATION (  '', ( #1059 ), #638 ) ;
#1579 = VERTEX_POINT ( 'NONE', #193 ) ;
#1580 = DIRECTION ( 'NONE',  ( 0.0000000000000000000, 0.0000000000000000000, -1.000000000000000000 ) ) ;
#1581 = ORIENTED_EDGE ( 'NONE', *, *, #1884, .F. ) ;
#1582 = DIRECTION ( 'NONE',  ( 0.0000000000000000000, -0.9995583643205788738, -0.02971660002034149511 ) ) ;
#1583 = CARTESIAN_POINT ( 'NONE',  ( 0.0000000000000000000, 0.1250000000000000000, 0.0000000000000000000 ) ) ;
#1584 = DIRECTION ( 'NONE',  ( -1.000000000000000000, 0.0000000000000000000, 1.639989767676029929E-17 ) ) ;
#1585 = CARTESIAN_POINT ( 'NONE',  ( -0.008697877977611319714, 0.01499999999999999944, -0.1527525676336944915 ) ) ;
#1586 = ORIENTED_EDGE ( 'NONE', *, *, #607, .T. ) ;
#1587 = EDGE_CURVE ( 'NONE', #1836, #1417, #1878, .T. ) ;
#1588 = PLANE ( 'NONE',  #499 ) ;
#1589 = ORIENTED_EDGE ( 'NONE', *, *, #344, .F. ) ;
#1590 = CARTESIAN_POINT ( 'NONE',  ( 0.1120037735580373950, 0.01000000000000001062, 0.1120037735580390603 ) ) ;
#1591 = ORIENTED_EDGE ( 'NONE', *, *, #627, .F. ) ;
#1592 = CARTESIAN_POINT ( 'NONE',  ( 0.04099622644196072169, 0.03807456485392353429, 0.1530000000000003857 ) ) ;
#1593 = CARTESIAN_POINT ( 'NONE',  ( 0.09967389451823499558, 0.4441044510572269566, 0.01500000000000000291 ) ) ;
#1594 = LINE ( 'NONE', #914, #1853 ) ;
#1595 = CARTESIAN_POINT ( 'NONE',  ( -0.1093805565307040956, 0.01500000000000000291, -0.1075737502362293929 ) ) ;
#1596 = DIRECTION ( 'NONE',  ( 1.000000000000000000, 0.0000000000000000000, 0.0000000000000000000 ) ) ;
#1597 = ORIENTED_EDGE ( 'NONE', *, *, #104, .T. ) ;
#1598 = DIRECTION ( 'NONE',  ( 0.0000000000000000000, 0.0000000000000000000, 1.000000000000000000 ) ) ;
#1599 = VERTEX_POINT ( 'NONE', #1092 ) ;
#1600 = EDGE_CURVE ( 'NONE', #447, #2109, #2056, .T. ) ;
#1601 = EDGE_LOOP ( 'NONE', ( #1722, #1932, #1382, #799 ) ) ;
#1602 = CARTESIAN_POINT ( 'NONE',  ( 0.1065001478066904539, 0.07029380807286310373, 0.07636083443910539337 ) ) ;
#1603 = EDGE_CURVE ( 'NONE', #595, #151, #1937, .T. ) ;
#1604 =( BOUNDED_SURFACE ( )  B_SPLINE_SURFACE ( 1, 2, ( 
 ( #576, #1912, #1886, #1391, #2053, #2065, #99, #566, #1233, #1266, #418, #586, #426 ),
 ( #1090, #1759, #267, #1590, #760, #643, #1648, #1967, #118, #1100, #1475, #2129, #1135 ) ),
 .UNSPECIFIED., .F., .F., .F. ) 
 B_SPLINE_SURFACE_WITH_KNOTS ( ( 2, 2 ),
 ( 3, 2, 2, 2, 2, 2, 3 ),
 ( 0.5578421214031940023, 0.7609089488832450066 ),
 ( 0.0000000000000000000, 0.08333333333333330095, 0.1666666666666665186, 0.2500000000000000000, 0.3333333333333335369, 0.4166666666666665186, 0.4899999999999999911 ),
 .UNSPECIFIED. ) 
 GEOMETRIC_REPRESENTATION_ITEM ( )  RATIONAL_B_SPLINE_SURFACE ( (
 ( 1.000000000000000000, 0.9659258262890679791, 1.000000000000000000, 0.9659258262890679791, 1.000000000000000000, 0.9659258262890679791, 1.000000000000000000, 0.9659258262890679791, 1.000000000000000000, 0.9659258262890679791, 1.000000000000000000, 0.9700147271343799726, 0.9928035345122510069),
 ( 1.000000000000000000, 0.9659258262890679791, 1.000000000000000000, 0.9659258262890679791, 1.000000000000000000, 0.9659258262890679791, 1.000000000000000000, 0.9659258262890679791, 1.000000000000000000, 0.9659258262890679791, 1.000000000000000000, 0.9700147271343799726, 0.9928035345122510069) ) ) 
 REPRESENTATION_ITEM ( '' )  SURFACE ( )  );
#1605 = DIRECTION ( 'NONE',  ( 0.0000000000000000000, 1.000000000000000000, 0.0000000000000000000 ) ) ;
#1606 = CARTESIAN_POINT ( 'NONE',  ( 0.01499999999999999944, 0.5219308369684967364, 0.09730141975576921121 ) ) ;
#1607 = AXIS2_PLACEMENT_3D ( 'NONE', #509, #998, #2018 ) ;
#1608 = CIRCLE ( 'NONE', #216, 0.02000000000000000042 ) ;
#1609 = TOROIDAL_SURFACE ( 'NONE', #945, -0.1310000000000000053, 0.2620000000000000107 ) ;
#1610 = LINE ( 'NONE', #573, #50 ) ;
#1611 = AXIS2_PLACEMENT_3D ( 'NONE', #1193, #1032, #1896 ) ;
#1612 = ORIENTED_EDGE ( 'NONE', *, *, #2060, .F. ) ;
#1613 = AXIS2_PLACEMENT_3D ( 'NONE', #1498, #13, #1184 ) ;
#1614 = DIRECTION ( 'NONE',  ( 0.0000000000000000000, 0.0000000000000000000, -1.000000000000000000 ) ) ;
#1615 = ORIENTED_EDGE ( 'NONE', *, *, #183, .T. ) ;
#1616 = FACE_OUTER_BOUND ( 'NONE', #1101, .T. ) ;
#1617 = EDGE_LOOP ( 'NONE', ( #611, #1768, #1952, #1701 ) ) ;
#1618 = DIRECTION ( 'NONE',  ( 0.0000000000000000000, 0.0000000000000000000, -1.000000000000000000 ) ) ;
#1619 = ADVANCED_FACE ( 'NONE', ( #101 ), #1677, .F. ) ;
#1620 = CARTESIAN_POINT ( 'NONE',  ( -0.02863621076571645774, 0.07799999999999999989, 0.1278317935139043349 ) ) ;
#1621 = EDGE_CURVE ( 'NONE', #1111, #1234, #1725, .T. ) ;
#1622 = CARTESIAN_POINT ( 'NONE',  ( 0.01013001348391425263, 0.4630000000000000226, 0.01499999999999999944 ) ) ;
#1623 = CARTESIAN_POINT ( 'NONE',  ( 9.934859780464377005E-18, 0.1571943439279746002, 0.07982665463997913602 ) ) ;
#1624 = SURFACE_STYLE_FILL_AREA ( #1410 ) ;
#1625 = ORIENTED_EDGE ( 'NONE', *, *, #18, .T. ) ;
#1626 = CARTESIAN_POINT ( 'NONE',  ( -0.1236754507398287461, 0.01499999999999999944, -0.09007431867241733059 ) ) ;
#1627 = ORIENTED_EDGE ( 'NONE', *, *, #1447, .F. ) ;
#1628 = CARTESIAN_POINT ( 'NONE',  ( 0.0000000000000000000, 0.1249999999999994865, 0.1310000000000000053 ) ) ;
#1629 = VERTEX_POINT ( 'NONE', #281 ) ;
#1630 = DIRECTION ( 'NONE',  ( 0.0000000000000000000, -1.000000000000000000, 0.0000000000000000000 ) ) ;
#1631 = FACE_OUTER_BOUND ( 'NONE', #1428, .T. ) ;
#1632 = EDGE_CURVE ( 'NONE', #2064, #777, #2029, .T. ) ;
#1633 = CARTESIAN_POINT ( 'NONE',  ( 0.0000000000000000000, 0.005000000000000000104, 0.0000000000000000000 ) ) ;
#1634 = CARTESIAN_POINT ( 'NONE',  ( 0.0000000000000000000, 0.04746092253047984322, -0.1150000000000000050 ) ) ;
#1635 = DIRECTION ( 'NONE',  ( 6.982966722218760189E-15, 0.0000000000000000000, -1.000000000000000000 ) ) ;
#1636 = ORIENTED_EDGE ( 'NONE', *, *, #354, .F. ) ;
#1637 = LINE ( 'NONE', #132, #326 ) ;
#1638 = ORIENTED_EDGE ( 'NONE', *, *, #1603, .T. ) ;
#1639 = CARTESIAN_POINT ( 'NONE',  ( -0.1246115758456051159, 0.1000000000000000056, 0.04040983995606772100 ) ) ;
#1640 = CARTESIAN_POINT ( 'NONE',  ( 0.0000000000000000000, 0.04746092253047991955, 0.6030688760244291569 ) ) ;
#1641 = CARTESIAN_POINT ( 'NONE',  ( 0.0000000000000000000, -0.01499999999999999944, -0.1529999999999999971 ) ) ;
#1642 = CARTESIAN_POINT ( 'NONE',  ( 0.009533583198286963226, 0.1277871395106117691, -0.1527026875709834308 ) ) ;
#1643 = CIRCLE ( 'NONE', #1331, 0.1310000000000000053 ) ;
#1644 = EDGE_CURVE ( 'NONE', #1734, #312, #298, .T. ) ;
#1645 = PRESENTATION_LAYER_ASSIGNMENT (  '', '', ( #1190 ) ) ;
#1646 = CARTESIAN_POINT ( 'NONE',  ( -0.1120037735580382277, 0.05474123152059018338, -0.1120037735580382277 ) ) ;
#1647 = CARTESIAN_POINT ( 'NONE',  ( 0.09886859966642598530, 0.1250000000000000000, -0.01499999999999999944 ) ) ;
#1648 = CARTESIAN_POINT ( 'NONE',  ( 0.1529999999999999971, 0.03500000000000000333, 1.077762147106212461E-15 ) ) ;
#1649 = CIRCLE ( 'NONE', #1894, 0.07982665463997913602 ) ;
#1650 = ADVANCED_FACE ( 'NONE', ( #1406 ), #224, .T. ) ;
#1651 = CIRCLE ( 'NONE', #1718, 0.004999999999999997502 ) ;
#1652 = VERTEX_POINT ( 'NONE', #165 ) ;
#1653 = CARTESIAN_POINT ( 'NONE',  ( 1.442772454360351334E-17, 4.268512490100410046E-17, -0.1154142853001830782 ) ) ;
#1654 = CARTESIAN_POINT ( 'NONE',  ( -0.07956703228003579598, 0.06106379254018852454, -0.1035814180611059343 ) ) ;
#1655 = LINE ( 'NONE', #648, #1187 ) ;
#1656 = CARTESIAN_POINT ( 'NONE',  ( 0.03411544839338451901, 0.1380966770140354960, -0.1130939986001688602 ) ) ;
#1657 = CARTESIAN_POINT ( 'NONE',  ( -0.03411544839338374879, 0.1380966770140354960, 0.1130939986001690545 ) ) ;
#1658 = DIRECTION ( 'NONE',  ( -1.000000000000000000, 0.0000000000000000000, -1.639989767676029929E-17 ) ) ;
#1659 = CARTESIAN_POINT ( 'NONE',  ( 0.09242326294693670174, 0.01500000000000000812, 0.1224506363931793240 ) ) ;
#1660 = EDGE_CURVE ( 'NONE', #829, #898, #837, .T. ) ;
#1661 = ORIENTED_EDGE ( 'NONE', *, *, #820, .F. ) ;
#1662 = DIRECTION ( 'NONE',  ( 0.0000000000000000000, -0.9965659430416859976, -0.08280290556155180115 ) ) ;
#1663 = DIRECTION ( 'NONE',  ( 0.0000000000000000000, 0.0000000000000000000, -1.000000000000000000 ) ) ;
#1664 = CARTESIAN_POINT ( 'NONE',  ( -0.1529999999999999416, 0.08807456485392352319, 0.04099622644196170007 ) ) ;
#1665 = CARTESIAN_POINT ( 'NONE',  ( 0.09959292143521082663, 0.1141275891971464673, -0.05749999999999929473 ) ) ;
#1666 =( BOUNDED_SURFACE ( )  B_SPLINE_SURFACE ( 3, 1, ( 
 ( #948, #145 ),
 ( #2131, #633 ),
 ( #1300, #1137 ),
 ( #859, #1369 ) ),
 .UNSPECIFIED., .F., .F., .F. ) 
 B_SPLINE_SURFACE_WITH_KNOTS ( ( 4, 4 ),
 ( 2, 2 ),
 ( 0.0000000000000000000, 1.000000000000000000 ),
 ( 0.0000000000000000000, 1.000000000000000000 ),
 .UNSPECIFIED. ) 
 GEOMETRIC_REPRESENTATION_ITEM ( )  RATIONAL_B_SPLINE_SURFACE ( (
 ( 1.000000000000000000, 1.000000000000000000),
 ( 0.9956152054960789588, 0.9956152054960789588),
 ( 0.9956152054960789588, 0.9956152054960789588),
 ( 1.000000000000000000, 1.000000000000000000) ) ) 
 REPRESENTATION_ITEM ( '' )  SURFACE ( )  );
#1667 = FACE_OUTER_BOUND ( 'NONE', #642, .T. ) ;
#1668 = CARTESIAN_POINT ( 'NONE',  ( 0.01499999999999999944, 0.1250000000000000000, -0.09886859966642598530 ) ) ;
#1669 = VERTEX_POINT ( 'NONE', #1980 ) ;
#1670 = CARTESIAN_POINT ( 'NONE',  ( 0.003976774773423583619, 0.03261939702580163303, 0.1271588861989398911 ) ) ;
#1671 = B_SPLINE_CURVE_WITH_KNOTS ( 'NONE', 3,
 ( #226, #860, #364, #1511 ),
 .UNSPECIFIED., .F., .F.,
 ( 4, 4 ),
 ( 0.0003810000000000003163, 0.0007619999999999999820 ),
 .UNSPECIFIED. ) ;
#1672 = EDGE_CURVE ( 'NONE', #1417, #1449, #261, .T. ) ;
#1673 = CARTESIAN_POINT ( 'NONE',  ( 0.001965652553643501728, 0.04012500733025138600, 0.1317155935381103815 ) ) ;
#1674 = CARTESIAN_POINT ( 'NONE',  ( -0.1120037735580382277, 0.1047412315205901862, 0.1120037735580382277 ) ) ;
#1675 = EDGE_CURVE ( 'NONE', #1390, #1099, #1337, .T. ) ;
#1676 = DIRECTION ( 'NONE',  ( 0.0000000000000000000, -1.000000000000000000, 0.0000000000000000000 ) ) ;
#1677 =( BOUNDED_SURFACE ( )  B_SPLINE_SURFACE ( 1, 2, ( 
 ( #1245, #401, #1102, #80, #1429, #923, #440, #755, #1057, #554, #269, #257, #1418 ),
 ( #1905, #1592, #1925, #588, #1221, #1737, #2098, #420, #1892, #730, #236, #892, #569 ) ),
 .UNSPECIFIED., .F., .F., .F. ) 
 B_SPLINE_SURFACE_WITH_KNOTS ( ( 2, 2 ),
 ( 3, 2, 2, 2, 2, 2, 3 ),
 ( 0.7609089488832450066, 1.000000000000000000 ),
 ( 0.0000000000000000000, 0.08333333333333330095, 0.1666666666666665186, 0.2500000000000000000, 0.3333333333333335369, 0.4166666666666665186, 0.4899999999999999911 ),
 .UNSPECIFIED. ) 
 GEOMETRIC_REPRESENTATION_ITEM ( )  RATIONAL_B_SPLINE_SURFACE ( (
 ( 1.000000000000000000, 0.9659258262890679791, 1.000000000000000000, 0.9659258262890679791, 1.000000000000000000, 0.9659258262890679791, 1.000000000000000000, 0.9659258262890679791, 1.000000000000000000, 0.9659258262890679791, 1.000000000000000000, 0.9700147271343799726, 0.9928035345122510069),
 ( 1.000000000000000000, 0.9659258262890679791, 1.000000000000000000, 0.9659258262890679791, 1.000000000000000000, 0.9659258262890679791, 1.000000000000000000, 0.9659258262890679791, 1.000000000000000000, 0.9659258262890679791, 1.000000000000000000, 0.9700147271343799726, 0.9928035345122510069) ) ) 
 REPRESENTATION_ITEM ( '' )  SURFACE ( )  );
#1678 = ORIENTED_EDGE ( 'NONE', *, *, #761, .F. ) ;
#1679 = CARTESIAN_POINT ( 'NONE',  ( 0.09070399427521447233, 0.3940726199108644523, -0.01499999999999999944 ) ) ;
#1680 = AXIS2_PLACEMENT_3D ( 'NONE', #1354, #369, #526 ) ;
#1681 = EDGE_LOOP ( 'NONE', ( #597, #1864, #858, #2052, #1299, #471, #2074, #797, #1478, #1612, #191, #1349 ) ) ;
#1682 = CIRCLE ( 'NONE', #1962, 0.1154142853001830782 ) ;
#1683 = CARTESIAN_POINT ( 'NONE',  ( -0.1325018867790191124, 0.01833333333333334730, -0.07649999999999999856 ) ) ;
#1684 = CIRCLE ( 'NONE', #1963, 0.08792190699994843761 ) ;
#1685 = CARTESIAN_POINT ( 'NONE',  ( -0.09275120075802073538, 0.05991509954917988157, 0.09224745875310406962 ) ) ;
#1686 = ADVANCED_FACE ( 'NONE', ( #1158 ), #492, .T. ) ;
#1687 = CARTESIAN_POINT ( 'NONE',  ( 0.1229390222998480442, 0.1000000000000000056, -0.09107687300274133757 ) ) ;
#1688 = CARTESIAN_POINT ( 'NONE',  ( 0.009533583198286968430, 0.08304590799002165014, -0.1527026875709832643 ) ) ;
#1689 = CARTESIAN_POINT ( 'NONE',  ( 0.08860933628236593307, 0.4630000000000000226, -0.01499999999999999944 ) ) ;
#1690 = EDGE_LOOP ( 'NONE', ( #1581, #1919, #2041, #371, #553, #1136, #141, #613, #1064 ) ) ;
#1691 = CARTESIAN_POINT ( 'NONE',  ( -0.09959292143521043805, 0.05166666666666661772, 0.05750000000000000250 ) ) ;
#1692 = B_SPLINE_CURVE_WITH_KNOTS ( 'NONE', 3,
 ( #897, #1389, #39, #1568 ),
 .UNSPECIFIED., .F., .F.,
 ( 4, 4 ),
 ( 0.0000000000000000000, 0.0007619999999999999820 ),
 .UNSPECIFIED. ) ;
#1693 = CARTESIAN_POINT ( 'NONE',  ( 0.02716723035263077235, 0.04751112604586718580, 0.1270061869744092964 ) ) ;
#1694 = CARTESIAN_POINT ( 'NONE',  ( 0.1529999999999999971, 0.07974123152059015007, 1.077762147106212461E-15 ) ) ;
#1695 = FACE_OUTER_BOUND ( 'NONE', #1690, .T. ) ;
#1696 = CARTESIAN_POINT ( 'NONE',  ( 0.1275884679610735373, 0.03378411621568971207, 0.005105157781568361169 ) ) ;
#1697 = EDGE_CURVE ( 'NONE', #1727, #268, #1651, .T. ) ;
#1698 = DIRECTION ( 'NONE',  ( 0.0000000000000000000, 0.0000000000000000000, -1.000000000000000000 ) ) ;
#1699 = CARTESIAN_POINT ( 'NONE',  ( -0.1218519496137106389, 0.07799999999999999989, -0.04809472294688583310 ) ) ;
#1700 = ORIENTED_EDGE ( 'NONE', *, *, #1754, .T. ) ;
#1701 = ORIENTED_EDGE ( 'NONE', *, *, #1555, .T. ) ;
#1702 = CARTESIAN_POINT ( 'NONE',  ( -0.1117993910727952539, 0.05208078846636265274, 0.06664919436512418971 ) ) ;
#1703 = CARTESIAN_POINT ( 'NONE',  ( -0.1216551081028706960, 0.4080547628802201343, 0.01500000000000002547 ) ) ;
#1704 = DIRECTION ( 'NONE',  ( 0.0000000000000000000, -0.9951649276153001766, -0.09821795581478091897 ) ) ;
#1705 = CARTESIAN_POINT ( 'NONE',  ( -0.01499999999999999944, 0.1250000000000000000, 4.286122238378314888E-18 ) ) ;
#1706 = CARTESIAN_POINT ( 'NONE',  ( 8.996460404922201853E-18, 0.5550000000000000488, 0.06800000000000000488 ) ) ;
#1707 = VERTEX_POINT ( 'NONE', #463 ) ;
#1708 = EDGE_CURVE ( 'NONE', #1267, #759, #482, .T. ) ;
#1709 = VERTEX_POINT ( 'NONE', #325 ) ;
#1710 = FACE_OUTER_BOUND ( 'NONE', #956, .T. ) ;
#1711 = AXIS2_PLACEMENT_3D ( 'NONE', #2014, #265, #1800 ) ;
#1712 = AXIS2_PLACEMENT_3D ( 'NONE', #1319, #967, #1309 ) ;
#1713 = AXIS2_PLACEMENT_3D ( 'NONE', #1633, #1458, #507 ) ;
#1714 = ORIENTED_EDGE ( 'NONE', *, *, #1051, .T. ) ;
#1715 = CARTESIAN_POINT ( 'NONE',  ( -0.04904547254886594543, 0.07277738697346056163, 0.1218956483186225820 ) ) ;
#1716 = CARTESIAN_POINT ( 'NONE',  ( -0.002937101260762220965, 0.03649951139834066438, -0.1398837561425219089 ) ) ;
#1717 = CONICAL_SURFACE ( 'NONE', #1334, 0.08449999999999999178, 0.02972097543023278707 ) ;
#1718 = AXIS2_PLACEMENT_3D ( 'NONE', #122, #1146, #790 ) ;
#1719 = CARTESIAN_POINT ( 'NONE',  ( -0.1325018867790191124, 0.09640789818725689631, 0.07649999999999999856 ) ) ;
#1720 = CARTESIAN_POINT ( 'NONE',  ( 0.07669700033427885588, 0.06509595100611655083, -0.1059450230129445336 ) ) ;
#1721 = CARTESIAN_POINT ( 'NONE',  ( -0.09886859966642598530, 0.1250000000000000000, 0.01499999999999999944 ) ) ;
#1722 = ORIENTED_EDGE ( 'NONE', *, *, #904, .F. ) ;
#1723 = ORIENTED_EDGE ( 'NONE', *, *, #1232, .F. ) ;
#1724 = CARTESIAN_POINT ( 'NONE',  ( 0.008162741169775099628, 0.1795551952875370227, -0.1307454383777700846 ) ) ;
#1725 = B_SPLINE_CURVE_WITH_KNOTS ( 'NONE', 3,
 ( #1253, #1235, #912, #1747, #411, #429, #111, #602, #1268, #2077 ),
 .UNSPECIFIED., .F., .F.,
 ( 4, 2, 2, 2, 4 ),
 ( 0.0000000000000000000, 0.0008430559064690665814, 0.001686111812938133163, 0.002529167719407199744, 0.003372223625876266326 ),
 .UNSPECIFIED. ) ;
#1726 = EDGE_CURVE ( 'NONE', #1099, #795, #1512, .T. ) ;
#1727 = VERTEX_POINT ( 'NONE', #1653 ) ;
#1728 = CARTESIAN_POINT ( 'NONE',  ( 0.1101794689798418214, 0.07183942423907248298, 0.07102981880893238786 ) ) ;
#1729 = LINE ( 'NONE', #81, #2100 ) ;
#1730 = CARTESIAN_POINT ( 'NONE',  ( 0.0000000000000000000, 0.07799999999999999989, 0.0000000000000000000 ) ) ;
#1731 = PLANE ( 'NONE',  #2132 ) ;
#1732 = CARTESIAN_POINT ( 'NONE',  ( 0.1325018867790185018, 0.01833333333333334730, 0.07650000000000098388 ) ) ;
#1733 = CARTESIAN_POINT ( 'NONE',  ( -0.01013001348391425263, 0.4630000000000000226, 0.01499999999999999944 ) ) ;
#1734 = VERTEX_POINT ( 'NONE', #822 ) ;
#1735 = CARTESIAN_POINT ( 'NONE',  ( -0.01001923393836939152, 0.5120957157809624682, -0.1191110461420255284 ) ) ;
#1736 = EDGE_LOOP ( 'NONE', ( #2128, #1463, #1167, #1097 ) ) ;
#1737 = CARTESIAN_POINT ( 'NONE',  ( 0.1529999999999997751, 0.07140789818725687410, 0.04099622644196284499 ) ) ;
#1738 = ADVANCED_FACE ( 'NONE', ( #1489 ), #1050, .T. ) ;
#1739 = CARTESIAN_POINT ( 'NONE',  ( 0.1200083743960653621, 0.4630000000000000226, 0.01499999999999999944 ) ) ;
#1740 = EDGE_CURVE ( 'NONE', #107, #920, #289, .T. ) ;
#1741 = DIRECTION ( 'NONE',  ( -1.000000000000000000, 0.0000000000000000000, 0.0000000000000000000 ) ) ;
#1742 = DIRECTION ( 'NONE',  ( 0.0000000000000000000, 0.0000000000000000000, 1.000000000000000000 ) ) ;
#1743 = VERTEX_POINT ( 'NONE', #491 ) ;
#1744 = CARTESIAN_POINT ( 'NONE',  ( 0.0000000000000000000, 1.235000000000000098, 0.0000000000000000000 ) ) ;
#1745 = ORIENTED_EDGE ( 'NONE', *, *, #668, .T. ) ;
#1746 = CIRCLE ( 'NONE', #1961, 0.08711270473939901338 ) ;
#1747 = CARTESIAN_POINT ( 'NONE',  ( 0.09201575950548517013, 0.09999999999999999167, -0.1227399416207947541 ) ) ;
#1748 = CIRCLE ( 'NONE', #811, 0.2620000000000000107 ) ;
#1749 = CARTESIAN_POINT ( 'NONE',  ( 0.1106986096092228561, 0.4251855987653729296, 0.01500000000000000291 ) ) ;
#1750 = AXIS2_PLACEMENT_3D ( 'NONE', #1542, #1010, #1879 ) ;
#1751 = FACE_OUTER_BOUND ( 'NONE', #1813, .T. ) ;
#1752 = B_SPLINE_CURVE_WITH_KNOTS ( 'NONE', 3,
 ( #937, #1606, #616, #113 ),
 .UNSPECIFIED., .F., .F.,
 ( 4, 4 ),
 ( 0.001116712905491007218, 0.002051988347387603308 ),
 .UNSPECIFIED. ) ;
#1753 = AXIS2_PLACEMENT_3D ( 'NONE', #654, #1321, #1970 ) ;
#1754 = EDGE_CURVE ( 'NONE', #1449, #1111, #1305, .T. ) ;
#1755 = DIRECTION ( 'NONE',  ( 0.0000000000000000000, 0.0000000000000000000, 1.000000000000000000 ) ) ;
#1756 = ORIENTED_EDGE ( 'NONE', *, *, #1644, .T. ) ;
#1757 = FACE_OUTER_BOUND ( 'NONE', #1117, .T. ) ;
#1758 = ORIENTED_EDGE ( 'NONE', *, *, #1387, .T. ) ;
#1759 = CARTESIAN_POINT ( 'NONE',  ( 0.04099622644196072169, -0.006666666666666660156, 0.1530000000000003857 ) ) ;
#1760 = VERTEX_POINT ( 'NONE', #134 ) ;
#1761 = CARTESIAN_POINT ( 'NONE',  ( 0.1194815328160447054, 0.07642342271298603606, 0.05410036952295083773 ) ) ;
#1762 = DIRECTION ( 'NONE',  ( 3.668674783974089828E-18, -0.9995511882695526928, 0.02995700300305658911 ) ) ;
#1763 = CARTESIAN_POINT ( 'NONE',  ( 0.0000000000000000000, 0.1250000000000000000, 0.0000000000000000000 ) ) ;
#1764 = FACE_BOUND ( 'NONE', #752, .T. ) ;
#1765 = EDGE_CURVE ( 'NONE', #1209, #1234, #1794, .T. ) ;
#1766 = ORIENTED_EDGE ( 'NONE', *, *, #1998, .T. ) ;
#1767 = DIRECTION ( 'NONE',  ( 0.0000000000000000000, 0.0000000000000000000, -1.000000000000000000 ) ) ;
#1768 = ORIENTED_EDGE ( 'NONE', *, *, #1832, .T. ) ;
#1769 = PLANE ( 'NONE',  #186 ) ;
#1770 = ADVANCED_FACE ( 'NONE', ( #292 ), #1666, .T. ) ;
#1771 = EDGE_LOOP ( 'NONE', ( #1273, #1714, #1029, #758 ) ) ;
#1772 = DIRECTION ( 'NONE',  ( 0.0000000000000000000, 1.000000000000000000, 0.0000000000000000000 ) ) ;
#1773 = LINE ( 'NONE', #282, #222 ) ;
#1774 = DIRECTION ( 'NONE',  ( 0.0000000000000000000, 1.000000000000000000, 0.0000000000000000000 ) ) ;
#1775 = ORIENTED_EDGE ( 'NONE', *, *, #1202, .F. ) ;
#1776 = CARTESIAN_POINT ( 'NONE',  ( -0.07649999999999999856, 0.06833333333333327375, 0.1325018867790191124 ) ) ;
#1777 = VERTEX_POINT ( 'NONE', #2030 ) ;
#1778 = DIRECTION ( 'NONE',  ( 0.0000000000000000000, 1.000000000000000000, 0.0000000000000000000 ) ) ;
#1779 = B_SPLINE_CURVE_WITH_KNOTS ( 'NONE', 3,
 ( #721, #386, #1530, #1042, #1716, #1554, #375, #36, #1384, #356 ),
 .UNSPECIFIED., .F., .F.,
 ( 4, 3, 3, 4 ),
 ( 0.0000000000000000000, 0.0002739835033858087810, 0.0005479671445189004345, 0.0006849815263491060985 ),
 .UNSPECIFIED. ) ;
#1780 = EDGE_CURVE ( 'NONE', #87, #941, #17, .T. ) ;
#1781 = EDGE_LOOP ( 'NONE', ( #740, #89, #2033, #1661 ) ) ;
#1782 = DIRECTION ( 'NONE',  ( 0.06231100129599318610, 0.0000000000000000000, -0.9980567815096947903 ) ) ;
#1783 = CARTESIAN_POINT ( 'NONE',  ( 0.008349674173663090490, 0.1366469850155566934, -0.1337396087222992302 ) ) ;
#1784 = CIRCLE ( 'NONE', #19, 0.06800000000000000488 ) ;
#1785 = VECTOR ( 'NONE', #203, 39.37007874015748143 ) ;
#1786 = CARTESIAN_POINT ( 'NONE',  ( 1.034826545279513326E-17, 6.829619984160649418E-17, 0.08449999999999999178 ) ) ;
#1787 = VECTOR ( 'NONE', #1531, 39.37007874015748143 ) ;
#1788 = ORIENTED_EDGE ( 'NONE', *, *, #765, .T. ) ;
#1789 = VECTOR ( 'NONE', #1658, 39.37007874015748143 ) ;
#1790 = PLANE ( 'NONE',  #215 ) ;
#1791 = ORIENTED_EDGE ( 'NONE', *, *, #30, .F. ) ;
#1792 = CARTESIAN_POINT ( 'NONE',  ( -0.005013742406855169198, 0.5120957157809624682, 0.1193985656200396983 ) ) ;
#1793 = ORIENTED_EDGE ( 'NONE', *, *, #1993, .T. ) ;
#1794 = LINE ( 'NONE', #305, #1505 ) ;
#1795 = EDGE_CURVE ( 'NONE', #1284, #848, #2021, .T. ) ;
#1796 = CARTESIAN_POINT ( 'NONE',  ( -0.06356657296874633489, 0.05653576650176934254, -0.1142780692487029015 ) ) ;
#1797 = CARTESIAN_POINT ( 'NONE',  ( -0.07649999999999999856, 0.04640789818725685190, -0.1325018867790191124 ) ) ;
#1798 = CARTESIAN_POINT ( 'NONE',  ( 0.07649999999999901323, 0.04640789818725685190, 0.1325018867790196953 ) ) ;
#1799 = EDGE_LOOP ( 'NONE', ( #169, #1451, #551, #1380 ) ) ;
#1800 = DIRECTION ( 'NONE',  ( 0.0000000000000000000, 0.0000000000000000000, -1.000000000000000000 ) ) ;
#1801 = ORIENTED_EDGE ( 'NONE', *, *, #1632, .F. ) ;
#1802 = FACE_BOUND ( 'NONE', #530, .T. ) ;
#1803 = VERTEX_POINT ( 'NONE', #1528 ) ;
#1804 = CARTESIAN_POINT ( 'NONE',  ( 0.0000000000000000000, 0.1250000000000000000, 0.0000000000000000000 ) ) ;
#1805 = DIRECTION ( 'NONE',  ( 0.0000000000000000000, 0.0000000000000000000, 1.000000000000000000 ) ) ;
#1806 = CARTESIAN_POINT ( 'NONE',  ( 0.01499999999999999944, 0.1250000000000000000, -0.1301383878799795280 ) ) ;
#1807 = ADVANCED_FACE ( 'NONE', ( #1876 ), #1889, .F. ) ;
#1808 = CARTESIAN_POINT ( 'NONE',  ( 0.1120037735580390603, 0.1047412315205901862, -0.1120037735580373950 ) ) ;
#1809 = FACE_OUTER_BOUND ( 'NONE', #706, .T. ) ;
#1810 = CARTESIAN_POINT ( 'NONE',  ( 0.08965692350556962731, 0.4285363178062764344, 0.01500000000000000291 ) ) ;
#1811 = ORIENTED_EDGE ( 'NONE', *, *, #1632, .T. ) ;
#1812 = DIRECTION ( 'NONE',  ( -0.0000000000000000000, -1.000000000000000000, -0.0000000000000000000 ) ) ;
#1813 = EDGE_LOOP ( 'NONE', ( #1550, #1145, #806, #2096 ) ) ;
#1814 = CARTESIAN_POINT ( 'NONE',  ( -0.1266058920093670603, 0.1000000000000000194, 0.05736615130241828203 ) ) ;
#1815 = CARTESIAN_POINT ( 'NONE',  ( -0.1101794689798406002, 0.07183942423907174746, -0.07102981880893438627 ) ) ;
#1816 = CARTESIAN_POINT ( 'NONE',  ( -0.01499999999999999944, 0.4665227366579073331, 0.08850282936771659836 ) ) ;
#1817 = CARTESIAN_POINT ( 'NONE',  ( 0.1150000000000003103, 0.1057942558638131081, -0.03081415712957830469 ) ) ;
#1818 = CIRCLE ( 'NONE', #1044, 0.1380000000000000115 ) ;
#1819 = EDGE_CURVE ( 'NONE', #2004, #583, #1208, .T. ) ;
#1820 = VECTOR ( 'NONE', #514, 39.37007874015748143 ) ;
#1821 = CARTESIAN_POINT ( 'NONE',  ( -0.1150000000000001160, 0.1057942558638131081, 0.03081415712957912001 ) ) ;
#1822 = CARTESIAN_POINT ( 'NONE',  ( 0.09843392780855904356, 0.1393392548428902256, 0.01500000000000000291 ) ) ;
#1823 = CARTESIAN_POINT ( 'NONE',  ( -0.009533583198285885962, 0.08304590799002165014, 0.1527026875709834586 ) ) ;
#1824 = AXIS2_PLACEMENT_3D ( 'NONE', #175, #1630, #474 ) ;
#1825 = CIRCLE ( 'NONE', #1613, 0.1310000000000000053 ) ;
#1826 = ORIENTED_EDGE ( 'NONE', *, *, #392, .F. ) ;
#1827 = DIRECTION ( 'NONE',  ( 0.0000000000000000000, 0.0000000000000000000, -1.000000000000000000 ) ) ;
#1828 = DIRECTION ( 'NONE',  ( 0.0000000000000000000, -0.9995511882695526928, -0.02995700300305643646 ) ) ;
#1829 = CARTESIAN_POINT ( 'NONE',  ( -0.07649999999999999856, 0.06833333333333327375, 0.1325018867790191124 ) ) ;
#1830 = DIRECTION ( 'NONE',  ( 0.0000000000000000000, 0.0000000000000000000, 1.000000000000000000 ) ) ;
#1831 = ORIENTED_EDGE ( 'NONE', *, *, #511, .T. ) ;
#1832 = EDGE_CURVE ( 'NONE', #1836, #1340, #1126, .T. ) ;
#1833 = CARTESIAN_POINT ( 'NONE',  ( -0.1087545460531594288, 0.09999999999999997780, 0.1081870693716149856 ) ) ;
#1834 = CARTESIAN_POINT ( 'NONE',  ( 0.1237269031765483307, 0.02847648098709061257, 0.02581555626239758622 ) ) ;
#1835 = B_SPLINE_CURVE_WITH_KNOTS ( 'NONE', 3,
 ( #1367, #703, #391, #1557, #1378, #1347, #75, #1227, #1048, #1721 ),
 .UNSPECIFIED., .F., .F.,
 ( 4, 3, 3, 4 ),
 ( 0.01495762138998710071, 0.01758496691050652483, 0.02245362206415583289, 0.02354677518098557965 ),
 .UNSPECIFIED. ) ;
#1836 = VERTEX_POINT ( 'NONE', #173 ) ;
#1837 = CARTESIAN_POINT ( 'NONE',  ( -0.04538837916684968637, 0.07563575448355555619, 0.1504641894419641579 ) ) ;
#1838 = CARTESIAN_POINT ( 'NONE',  ( 0.004109434696741286544, 0.03212430345185108421, 0.1496734086605052971 ) ) ;
#1839 = CARTESIAN_POINT ( 'NONE',  ( -0.1325018867790191124, 0.01833333333333334730, -0.07649999999999999856 ) ) ;
#1840 = CARTESIAN_POINT ( 'NONE',  ( -0.01499999999999999944, 0.1250000000000000000, -4.286122238378314888E-18 ) ) ;
#1841 = VERTEX_POINT ( 'NONE', #1518 ) ;
#1842 = CARTESIAN_POINT ( 'NONE',  ( 0.09175059987892204838, 0.3596089078929972649, 0.01499999999999999944 ) ) ;
#1843 = ORIENTED_EDGE ( 'NONE', *, *, #57, .F. ) ;
#1844 = CARTESIAN_POINT ( 'NONE',  ( -0.1200083743960653621, 0.4630000000000000226, -0.01499999999999999944 ) ) ;
#1845 = EDGE_CURVE ( 'NONE', #1390, #848, #1825, .T. ) ;
#1846 = CARTESIAN_POINT ( 'NONE',  ( -0.09989867288116686950, 0.05725095439086584637, 0.08415244559927789747 ) ) ;
#1847 = CARTESIAN_POINT ( 'NONE',  ( -0.02863621076571645774, 0.07799999999999999989, 0.1278317935139043349 ) ) ;
#1848 = FACE_OUTER_BOUND ( 'NONE', #1559, .T. ) ;
#1849 = CARTESIAN_POINT ( 'NONE',  ( -0.008015520580685530846, 0.01754659247424752988, -0.1527902749863772613 ) ) ;
#1850 = CARTESIAN_POINT ( 'NONE',  ( 0.09756438819605513235, 0.1680177585899230164, -0.01499999999999999944 ) ) ;
#1851 = CIRCLE ( 'NONE', #1996, 0.1038792144229702813 ) ;
#1852 = ORIENTED_EDGE ( 'NONE', *, *, #751, .F. ) ;
#1853 = VECTOR ( 'NONE', #1432, 39.37007874015748854 ) ;
#1854 = CARTESIAN_POINT ( 'NONE',  ( -0.1325018867790191124, 0.05166666666666669405, 0.07649999999999999856 ) ) ;
#1855 = AXIS2_PLACEMENT_3D ( 'NONE', #882, #1553, #1361 ) ;
#1856 = CARTESIAN_POINT ( 'NONE',  ( -0.07669700033427806485, 0.06509595100611653695, 0.1059450230129451581 ) ) ;
#1857 = EDGE_CURVE ( 'NONE', #848, #1267, #1887, .T. ) ;
#1858 = CARTESIAN_POINT ( 'NONE',  ( -0.1301383878799795280, 0.1250000000000000000, -0.01499999999999999944 ) ) ;
#1859 = AXIS2_PLACEMENT_3D ( 'NONE', #96, #749, #1596 ) ;
#1860 = LINE ( 'NONE', #862, #1787 ) ;
#1861 = EDGE_CURVE ( 'NONE', #1629, #98, #732, .T. ) ;
#1862 = CARTESIAN_POINT ( 'NONE',  ( -0.01499999999999999944, 0.5097381529686614288, 0.1186076107280600450 ) ) ;
#1863 = PLANE ( 'NONE',  #847 ) ;
#1864 = ORIENTED_EDGE ( 'NONE', *, *, #1232, .T. ) ;
#1865 = CARTESIAN_POINT ( 'NONE',  ( 0.1217089477800704644, 0.4062583377399779372, 0.01499999999999999944 ) ) ;
#1866 = ORIENTED_EDGE ( 'NONE', *, *, #589, .F. ) ;
#1867 = CARTESIAN_POINT ( 'NONE',  ( -0.1237269031765484556, 0.02847648098709061951, -0.02581555626239666681 ) ) ;
#1868 = CARTESIAN_POINT ( 'NONE',  ( -0.1216551081028706960, 0.4080547628802201343, -0.01500000000000007230 ) ) ;
#1869 = ADVANCED_FACE ( 'NONE', ( #512 ), #1168, .F. ) ;
#1870 = DIRECTION ( 'NONE',  ( 0.0000000000000000000, 1.000000000000000000, 0.0000000000000000000 ) ) ;
#1871 = CARTESIAN_POINT ( 'NONE',  ( 0.04904547254886682667, 0.07277738697346058938, -0.1218956483186221657 ) ) ;
#1872 = EDGE_CURVE ( 'NONE', #601, #1052, #119, .T. ) ;
#1873 = CARTESIAN_POINT ( 'NONE',  ( 0.0000000000000000000, 0.1720000000000000140, -0.06638074268598681549 ) ) ;
#1874 = B_SPLINE_CURVE_WITH_KNOTS ( 'NONE', 3,
 ( #561, #574, #1883, #199, #1240, #1534, #1049, #86, #1548, #1195 ),
 .UNSPECIFIED., .F., .F.,
 ( 4, 3, 3, 4 ),
 ( 0.004233480236139517197, 0.004893831590219611428, 0.009787663180937621055, 0.01447439713865616810 ),
 .UNSPECIFIED. ) ;
#1875 = ORIENTED_EDGE ( 'NONE', *, *, #319, .F. ) ;
#1876 = FACE_OUTER_BOUND ( 'NONE', #528, .T. ) ;
#1877 = VERTEX_POINT ( 'NONE', #424 ) ;
#1878 = B_SPLINE_CURVE_WITH_KNOTS ( 'NONE', 3,
 ( #35, #685, #1693, #935, #1067, #763, #1914, #720, #1562, #1602, #1728, #1383, #1761, #1393 ),
 .UNSPECIFIED., .F., .F.,
 ( 4, 2, 2, 2, 2, 2, 4 ),
 ( 4.061273966971609836E-05, 0.001039838951150938570, 0.002039065162632160838, 0.002538678268372772297, 0.003038291374113383323, 0.003537904479853994782, 0.004037517585594606676 ),
 .UNSPECIFIED. ) ;
#1879 = DIRECTION ( 'NONE',  ( 0.0000000000000000000, 0.0000000000000000000, 1.000000000000000000 ) ) ;
#1880 = CARTESIAN_POINT ( 'NONE',  ( 0.0000000000000000000, 1.235000000000000098, -0.02000000000000000042 ) ) ;
#1881 = CARTESIAN_POINT ( 'NONE',  ( 0.0000000000000000000, 0.5550000000000000488, 0.0000000000000000000 ) ) ;
#1882 = CARTESIAN_POINT ( 'NONE',  ( 0.1529999999999999971, 0.03500000000000000333, 1.077762147106212461E-15 ) ) ;
#1883 = CARTESIAN_POINT ( 'NONE',  ( -0.01499999999999999944, 0.1423240980678852630, -0.09834342346740872209 ) ) ;
#1884 = EDGE_CURVE ( 'NONE', #268, #312, #1154, .T. ) ;
#1885 = ORIENTED_EDGE ( 'NONE', *, *, #2012, .T. ) ;
#1886 = CARTESIAN_POINT ( 'NONE',  ( 0.05749999999999929473, 0.001666666666666663304, 0.09959292143521082663 ) ) ;
#1887 = CIRCLE ( 'NONE', #1895, 0.1310000000000000053 ) ;
#1888 = CIRCLE ( 'NONE', #940, 0.1310000000000000053 ) ;
#1889 =( BOUNDED_SURFACE ( )  B_SPLINE_SURFACE ( 1, 2, ( 
 ( #43, #26, #1176, #830, #692, #363, #1020, #1356, #1691, #353, #2043, #540, #520 ),
 ( #851, #1028, #1538, #529, #1683, #1197, #209, #867, #1854, #839, #55, #1837, #676 ) ),
 .UNSPECIFIED., .F., .F., .F. ) 
 B_SPLINE_SURFACE_WITH_KNOTS ( ( 2, 2 ),
 ( 3, 2, 2, 2, 2, 2, 3 ),
 ( 0.5578421214031940023, 0.7609089488832450066 ),
 ( 0.0000000000000000000, 0.08333333333333330095, 0.1666666666666665186, 0.2500000000000000000, 0.3333333333333335369, 0.4166666666666665186, 0.4899999999999999911 ),
 .UNSPECIFIED. ) 
 GEOMETRIC_REPRESENTATION_ITEM ( )  RATIONAL_B_SPLINE_SURFACE ( (
 ( 1.000000000000000000, 0.9659258262890679791, 1.000000000000000000, 0.9659258262890679791, 1.000000000000000000, 0.9659258262890679791, 1.000000000000000000, 0.9659258262890679791, 1.000000000000000000, 0.9659258262890679791, 1.000000000000000000, 0.9700147271343799726, 0.9928035345122510069),
 ( 1.000000000000000000, 0.9659258262890679791, 1.000000000000000000, 0.9659258262890679791, 1.000000000000000000, 0.9659258262890679791, 1.000000000000000000, 0.9659258262890679791, 1.000000000000000000, 0.9659258262890679791, 1.000000000000000000, 0.9700147271343799726, 0.9928035345122510069) ) ) 
 REPRESENTATION_ITEM ( '' )  SURFACE ( )  );
#1890 = AXIS2_PLACEMENT_3D ( 'NONE', #1502, #816, #1131 ) ;
#1891 = EDGE_LOOP ( 'NONE', ( #1370, #683, #1913, #450, #400 ) ) ;
#1892 = CARTESIAN_POINT ( 'NONE',  ( 0.1325018867790196953, 0.09640789818725689631, -0.07649999999999901323 ) ) ;
#1893 = CARTESIAN_POINT ( 'NONE',  ( 0.004501813313374842911, 0.03065992651877102321, 0.1529337558451094592 ) ) ;
#1894 = AXIS2_PLACEMENT_3D ( 'NONE', #1159, #339, #960 ) ;
#1895 = AXIS2_PLACEMENT_3D ( 'NONE', #2005, #504, #192 ) ;
#1896 = DIRECTION ( 'NONE',  ( 0.0000000000000000000, 0.0000000000000000000, 1.000000000000000000 ) ) ;
#1897 = CARTESIAN_POINT ( 'NONE',  ( 0.06791704319251008759, 0.06765801167989794751, -0.1119097964347178925 ) ) ;
#1898 = CARTESIAN_POINT ( 'NONE',  ( 0.1236754507398281494, 0.01499999999999999944, 0.09007431867241830203 ) ) ;
#1899 = DIRECTION ( 'NONE',  ( 0.0000000000000000000, 0.0000000000000000000, 1.000000000000000000 ) ) ;
#1900 = ORIENTED_EDGE ( 'NONE', *, *, #197, .T. ) ;
#1901 = FACE_OUTER_BOUND ( 'NONE', #79, .T. ) ;
#1902 = ADVANCED_FACE ( 'NONE', ( #286 ), #769, .F. ) ;
#1903 = ORIENTED_EDGE ( 'NONE', *, *, #1487, .F. ) ;
#1904 =( BOUNDED_CURVE ( )  B_SPLINE_CURVE ( 2, ( #1173, #641, #2140 ),
 .UNSPECIFIED., .F., .T. ) 
 B_SPLINE_CURVE_WITH_KNOTS ( ( 3, 3 ),
 ( 4.607859233063393845E-19, 0.0005406761387705446686 ),
 .UNSPECIFIED. ) 
 CURVE ( )  GEOMETRIC_REPRESENTATION_ITEM ( )  RATIONAL_B_SPLINE_CURVE ( ( 0.9928035345122510069, 0.9850002008051170765, 0.9833846894589424181 ) ) 
 REPRESENTATION_ITEM ( '' )  );
#1905 = CARTESIAN_POINT ( 'NONE',  ( -1.068393908499470278E-15, 0.02974123152059019934, 0.1529999999999999971 ) ) ;
#1906 = DIRECTION ( 'NONE',  ( 0.0000000000000000000, -1.000000000000000000, 0.0000000000000000000 ) ) ;
#1907 = LINE ( 'NONE', #1573, #1192 ) ;
#1908 = SURFACE_STYLE_USAGE ( .BOTH. , #432 ) ;
#1909 = CARTESIAN_POINT ( 'NONE',  ( 1.145734874694543848E-17, 0.5550000000000000488, 0.08711270473939901338 ) ) ;
#1910 = CARTESIAN_POINT ( 'NONE',  ( 0.0000000000000000000, 0.06989910919719291571, -0.08242191837521850584 ) ) ;
#1911 = ORIENTED_EDGE ( 'NONE', *, *, #2114, .F. ) ;
#1912 = CARTESIAN_POINT ( 'NONE',  ( 0.03081415712957834285, -0.006666666666666680105, 0.1150000000000003103 ) ) ;
#1913 = ORIENTED_EDGE ( 'NONE', *, *, #1577, .F. ) ;
#1914 = CARTESIAN_POINT ( 'NONE',  ( 0.08468159479318997096, 0.06261366800891859929, 0.09956806049983826790 ) ) ;
#1915 = ADVANCED_FACE ( 'NONE', ( #2117 ), #1450, .T. ) ;
#1916 = FACE_OUTER_BOUND ( 'NONE', #1771, .T. ) ;
#1917 = DIRECTION ( 'NONE',  ( -1.000000000000000000, 0.0000000000000000000, 0.0000000000000000000 ) ) ;
#1918 = DIRECTION ( 'NONE',  ( 0.0000000000000000000, 0.0000000000000000000, -1.000000000000000000 ) ) ;
#1919 = ORIENTED_EDGE ( 'NONE', *, *, #1564, .T. ) ;
#1920 = CARTESIAN_POINT ( 'NONE',  ( 0.0000000000000000000, 0.1720000000000000140, 0.0000000000000000000 ) ) ;
#1921 = ORIENTED_EDGE ( 'NONE', *, *, #433, .T. ) ;
#1922 = CARTESIAN_POINT ( 'NONE',  ( -0.01500000000000007924, 0.5120957157809624682, -0.1185369535000191932 ) ) ;
#1923 = ORIENTED_EDGE ( 'NONE', *, *, #1998, .F. ) ;
#1924 = AXIS2_PLACEMENT_3D ( 'NONE', #560, #549, #230 ) ;
#1925 = CARTESIAN_POINT ( 'NONE',  ( 0.07649999999999901323, 0.04640789818725685190, 0.1325018867790196953 ) ) ;
#1926 = CONICAL_SURFACE ( 'NONE', #634, 0.06800000000000000488, 0.08289781924796163493 ) ;
#1927 = ADVANCED_FACE ( 'NONE', ( #1757 ), #1995, .T. ) ;
#1928 = CARTESIAN_POINT ( 'NONE',  ( 0.0000000000000000000, 0.5550000000000000488, 0.0000000000000000000 ) ) ;
#1929 = AXIS2_PLACEMENT_3D ( 'NONE', #1521, #185, #1374 ) ;
#1930 = AXIS2_PLACEMENT_3D ( 'NONE', #1954, #1249, #1413 ) ;
#1931 = FACE_OUTER_BOUND ( 'NONE', #1412, .T. ) ;
#1932 = ORIENTED_EDGE ( 'NONE', *, *, #834, .T. ) ;
#1933 = DIRECTION ( 'NONE',  ( 0.0000000000000000000, 0.0000000000000000000, -1.000000000000000000 ) ) ;
#1934 = EDGE_LOOP ( 'NONE', ( #1027, #445, #1132, #1091 ) ) ;
#1935 = CARTESIAN_POINT ( 'NONE',  ( -0.005013742406855169198, 0.5120957157809624682, -0.1193985656200396983 ) ) ;
#1936 = ORIENTED_EDGE ( 'NONE', *, *, #1968, .F. ) ;
#1937 = LINE ( 'NONE', #2086, #813 ) ;
#1938 = DIRECTION ( 'NONE',  ( 0.0000000000000000000, -0.9995511882695526928, -0.02995700300305643646 ) ) ;
#1939 = FACE_OUTER_BOUND ( 'NONE', #969, .T. ) ;
#1940 = CARTESIAN_POINT ( 'NONE',  ( 1.538207432458124868E-17, 0.003579766536965023511, -0.1202083375433773693 ) ) ;
#1941 = ADVANCED_FACE ( 'NONE', ( #468 ), #1462, .F. ) ;
#1942 = ORIENTED_EDGE ( 'NONE', *, *, #42, .F. ) ;
#1943 = CARTESIAN_POINT ( 'NONE',  ( 0.05228966543238905418, 0.01499999999999999944, 0.6040756493107657388 ) ) ;
#1944 = EDGE_LOOP ( 'NONE', ( #277, #1124, #1597, #1921, #850, #58 ) ) ;
#1945 = DIRECTION ( 'NONE',  ( 0.0000000000000000000, -1.000000000000000000, 0.0000000000000000000 ) ) ;
#1946 = ORIENTED_EDGE ( 'NONE', *, *, #1765, .F. ) ;
#1947 = CARTESIAN_POINT ( 'NONE',  ( 0.1259563256129081765, 0.1000000000000000056, -0.07427389757514619995 ) ) ;
#1948 = DIRECTION ( 'NONE',  ( 0.0000000000000000000, -1.000000000000000000, 0.0000000000000000000 ) ) ;
#1949 = DIRECTION ( 'NONE',  ( 0.0000000000000000000, 1.000000000000000000, 0.0000000000000000000 ) ) ;
#1950 = CARTESIAN_POINT ( 'NONE',  ( -0.01499999999999999944, 0.5280000000000000249, 0.08663291366742538469 ) ) ;
#1951 = APPLICATION_PROTOCOL_DEFINITION ( 'draft international standard', 'automotive_design', 1998, #1419 ) ;
#1952 = ORIENTED_EDGE ( 'NONE', *, *, #460, .F. ) ;
#1953 = ADVANCED_FACE ( 'NONE', ( #965 ), #1790, .T. ) ;
#1954 = CARTESIAN_POINT ( 'NONE',  ( 0.0000000000000000000, 0.5550000000000000488, 0.0000000000000000000 ) ) ;
#1955 = ORIENTED_EDGE ( 'NONE', *, *, #84, .F. ) ;
#1956 = CARTESIAN_POINT ( 'NONE',  ( 0.0000000000000000000, 0.07399999999999999634, -0.2203609726514586808 ) ) ;
#1957 = VERTEX_POINT ( 'NONE', #955 ) ;
#1958 = CARTESIAN_POINT ( 'NONE',  ( 0.1260583178664239634, 0.09999999999999996392, -0.04879075722384108166 ) ) ;
#1959 = CARTESIAN_POINT ( 'NONE',  ( 0.0000000000000000000, 0.5550000000000000488, 0.0000000000000000000 ) ) ;
#1960 = FACE_OUTER_BOUND ( 'NONE', #743, .T. ) ;
#1961 = AXIS2_PLACEMENT_3D ( 'NONE', #95, #114, #1918 ) ;
#1962 = AXIS2_PLACEMENT_3D ( 'NONE', #168, #350, #1830 ) ;
#1963 = AXIS2_PLACEMENT_3D ( 'NONE', #494, #2133, #327 ) ;
#1964 = CARTESIAN_POINT ( 'NONE',  ( -0.07649999999999999856, 0.04640789818725685190, -0.1325018867790191124 ) ) ;
#1965 = CARTESIAN_POINT ( 'NONE',  ( -0.1529999999999999694, 0.04333333333333332787, 0.04099622644196170007 ) ) ;
#1966 = ORIENTED_EDGE ( 'NONE', *, *, #1708, .F. ) ;
#1967 = CARTESIAN_POINT ( 'NONE',  ( 0.1530000000000003857, 0.04333333333333332094, -0.04099622644196072169 ) ) ;
#1968 = EDGE_CURVE ( 'NONE', #879, #595, #2125, .T. ) ;
#1969 = VERTEX_POINT ( 'NONE', #919 ) ;
#1970 = DIRECTION ( 'NONE',  ( 0.0000000000000000000, 0.0000000000000000000, 1.000000000000000000 ) ) ;
#1971 = ADVANCED_FACE ( 'NONE', ( #106 ), #1588, .F. ) ;
#1972 = DIRECTION ( 'NONE',  ( 1.000000000000000000, 0.0000000000000000000, 1.639989767676029929E-17 ) ) ;
#1973 = CARTESIAN_POINT ( 'NONE',  ( 0.0000000000000000000, 0.07399999999999999634, 0.0000000000000000000 ) ) ;
#1974 = CARTESIAN_POINT ( 'NONE',  ( -0.09967820956012519995, 0.01499999999999999944, -0.07259683921833701148 ) ) ;
#1975 = EDGE_LOOP ( 'NONE', ( #1108, #1517, #538, #977 ) ) ;
#1976 = CARTESIAN_POINT ( 'NONE',  ( 0.09886859966642598530, 0.1250000000000000000, 0.01499999999999999944 ) ) ;
#1977 = ORIENTED_EDGE ( 'NONE', *, *, #1127, .F. ) ;
#1978 = CARTESIAN_POINT ( 'NONE',  ( 1.140765429794139696E-17, 0.06989910919719291571, 0.08242191837521850584 ) ) ;
#1979 = VERTEX_POINT ( 'NONE', #596 ) ;
#1980 = CARTESIAN_POINT ( 'NONE',  ( 0.004501813313374842911, 0.03065992651877102321, 0.1529337558451094592 ) ) ;
#1981 = CARTESIAN_POINT ( 'NONE',  ( -0.01851482336143901036, 0.08054712928638466107, 0.1300991338600198388 ) ) ;
#1982 = EDGE_CURVE ( 'NONE', #408, #1652, #1263, .T. ) ;
#1983 = CARTESIAN_POINT ( 'NONE',  ( -0.1246115758456051159, 0.1000000000000000056, 0.04040983995606772100 ) ) ;
#1984 = B_SPLINE_CURVE_WITH_KNOTS ( 'NONE', 3,
 ( #1647, #1987, #162, #1850, #1018, #488, #351, #1679, #836, #1689 ),
 .UNSPECIFIED., .F., .F.,
 ( 4, 3, 3, 4 ),
 ( 0.003775502061477020981, 0.004868655185592748146, 0.009737310371692150038, 0.01236465590972310805 ),
 .UNSPECIFIED. ) ;
#1985 = CARTESIAN_POINT ( 'NONE',  ( 0.08418584287042030212, 0.07246092253047980991, 0.08418584287042152337 ) ) ;
#1986 = ORIENTED_EDGE ( 'NONE', *, *, #928, .T. ) ;
#1987 = CARTESIAN_POINT ( 'NONE',  ( 0.09843392780855904356, 0.1393392548428901978, -0.01500000000000000291 ) ) ;
#1988 = LINE ( 'NONE', #1386, #905 ) ;
#1989 = ORIENTED_EDGE ( 'NONE', *, *, #672, .T. ) ;
#1990 = CARTESIAN_POINT ( 'NONE',  ( 0.0000000000000000000, 1.235000000000000098, 0.0000000000000000000 ) ) ;
#1991 = CARTESIAN_POINT ( 'NONE',  ( 0.1218519496137118185, 0.07799999999999999989, 0.04809472294688275917 ) ) ;
#1992 = CARTESIAN_POINT ( 'NONE',  ( -0.01499999999999999944, 0.2151801597249826392, 0.09613450635659004373 ) ) ;
#1993 = EDGE_CURVE ( 'NONE', #2064, #795, #24, .T. ) ;
#1994 = CARTESIAN_POINT ( 'NONE',  ( 0.1530000000000003857, 0.08807456485392352319, -0.04099622644196072169 ) ) ;
#1995 = CONICAL_SURFACE ( 'NONE', #1930, 0.08711270473939901338, 0.09837655957675923990 ) ;
#1996 = AXIS2_PLACEMENT_3D ( 'NONE', #142, #652, #2142 ) ;
#1997 = VECTOR ( 'NONE', #522, 39.37007874015748854 ) ;
#1998 = EDGE_CURVE ( 'NONE', #2109, #479, #527, .T. ) ;
#1999 = ORIENTED_EDGE ( 'NONE', *, *, #1740, .T. ) ;
#2000 = CARTESIAN_POINT ( 'NONE',  ( -0.01499999999999999944, 0.5097381529686614288, 0.1186076107280600450 ) ) ;
#2001 = CARTESIAN_POINT ( 'NONE',  ( 0.1120956939275593311, 0.02034663016066622782, 0.05540533052665761599 ) ) ;
#2002 = CIRCLE ( 'NONE', #23, 0.08986998651608563149 ) ;
#2003 = AXIS2_PLACEMENT_3D ( 'NONE', #393, #76, #2040 ) ;
#2004 = VERTEX_POINT ( 'NONE', #1164 ) ;
#2005 = CARTESIAN_POINT ( 'NONE',  ( 0.0000000000000000000, 0.1250000000000000000, 0.0000000000000000000 ) ) ;
#2006 = CARTESIAN_POINT ( 'NONE',  ( 0.009533583198286968430, 0.08304590799002165014, -0.1527026875709832643 ) ) ;
#2007 = CARTESIAN_POINT ( 'NONE',  ( -0.01499999999999999944, 0.5280000000000000249, 0.08663291366742538469 ) ) ;
#2008 = CARTESIAN_POINT ( 'NONE',  ( 0.0000000000000000000, 0.07399999999999999634, 0.0000000000000000000 ) ) ;
#2009 = EDGE_CURVE ( 'NONE', #898, #151, #1199, .T. ) ;
#2010 = CARTESIAN_POINT ( 'NONE',  ( -0.07649999999999999856, 0.1130745648539236425, 0.1325018867790191124 ) ) ;
#2011 = CARTESIAN_POINT ( 'NONE',  ( -0.009533583198285885962, 0.1000000000000000056, 0.1527026875709834586 ) ) ;
#2012 = EDGE_CURVE ( 'NONE', #1053, #1707, #245, .T. ) ;
#2013 = ORIENTED_EDGE ( 'NONE', *, *, #2036, .F. ) ;
#2014 = CARTESIAN_POINT ( 'NONE',  ( 0.0000000000000000000, 0.1250000000000000000, 0.0000000000000000000 ) ) ;
#2015 = CARTESIAN_POINT ( 'NONE',  ( -0.08087050435410261806, 0.06380713937850435169, 0.1027083078447163511 ) ) ;
#2016 = LINE ( 'NONE', #1345, #1997 ) ;
#2017 = CARTESIAN_POINT ( 'NONE',  ( 0.1529999999999997751, 0.02666666666666668226, 0.04099622644196284499 ) ) ;
#2018 = DIRECTION ( 'NONE',  ( 0.0000000000000000000, 0.0000000000000000000, -1.000000000000000000 ) ) ;
#2019 = ADVANCED_FACE ( 'NONE', ( #321 ), #779, .T. ) ;
#2020 = VERTEX_POINT ( 'NONE', #1182 ) ;
#2021 = LINE ( 'NONE', #1844, #567 ) ;
#2022 = CARTESIAN_POINT ( 'NONE',  ( -0.03908192772319124542, 0.07537125054926516188, 0.1254917985551327608 ) ) ;
#2023 = CARTESIAN_POINT ( 'NONE',  ( 0.07649999999999901323, 0.04640789818725685190, 0.1325018867790196953 ) ) ;
#2024 = VECTOR ( 'NONE', #1778, 39.37007874015748143 ) ;
#2025 = CARTESIAN_POINT ( 'NONE',  ( 0.1325018867790196953, 0.05166666666666669405, -0.07649999999999901323 ) ) ;
#2026 = PLANE ( 'NONE',  #430 ) ;
#2027 = AXIS2_PLACEMENT_3D ( 'NONE', #746, #1257, #1408 ) ;
#2028 = VERTEX_POINT ( 'NONE', #1318 ) ;
#2029 = CIRCLE ( 'NONE', #702, 0.1310000000000000053 ) ;
#2030 = CARTESIAN_POINT ( 'NONE',  ( -0.01499999999999999944, 0.1250000000000000000, -0.09886859966642598530 ) ) ;
#2031 = EDGE_CURVE ( 'NONE', #777, #1707, #478, .T. ) ;
#2032 =( GEOMETRIC_REPRESENTATION_CONTEXT ( 3 ) GLOBAL_UNCERTAINTY_ASSIGNED_CONTEXT ( ( #1037 ) ) GLOBAL_UNIT_ASSIGNED_CONTEXT ( ( #1035, #550, #231 ) ) REPRESENTATION_CONTEXT ( 'NONE', 'WORKASPACE' ) );
#2033 = ORIENTED_EDGE ( 'NONE', *, *, #30, .T. ) ;
#2034 = CARTESIAN_POINT ( 'NONE',  ( 0.008356701530075968595, 0.01627328783658432351, 0.1527719945484468100 ) ) ;
#2035 = FACE_OUTER_BOUND ( 'NONE', #458, .T. ) ;
#2036 = EDGE_CURVE ( 'NONE', #659, #1734, #1904, .T. ) ;
#2037 = DIRECTION ( 'NONE',  ( -0.0000000000000000000, -1.000000000000000000, -0.0000000000000000000 ) ) ;
#2038 = CARTESIAN_POINT ( 'NONE',  ( 0.08087050435410343685, 0.06380713937850432393, -0.1027083078447157821 ) ) ;
#2039 = CARTESIAN_POINT ( 'NONE',  ( -0.08860933628236593307, 0.4630000000000000226, 0.01499999999999999944 ) ) ;
#2040 = DIRECTION ( 'NONE',  ( -6.982966722218760189E-15, 0.0000000000000000000, 1.000000000000000000 ) ) ;
#2041 = ORIENTED_EDGE ( 'NONE', *, *, #711, .T. ) ;
#2042 = ORIENTED_EDGE ( 'NONE', *, *, #988, .F. ) ;
#2043 = CARTESIAN_POINT ( 'NONE',  ( -0.05750000000000000250, 0.06833333333333327375, 0.09959292143521043805 ) ) ;
#2044 = PRODUCT ( 'NORDSONEFD-7018210  TIP 20GA TT .023 ESD SAFE BLK', 'NORDSONEFD-7018210  TIP 20GA TT .023 ESD SAFE BLK', '', ( #1459 ) ) ;
#2045 = ORIENTED_EDGE ( 'NONE', *, *, #1358, .F. ) ;
#2046 = CARTESIAN_POINT ( 'NONE',  ( -0.1206150131220220245, 0.02577301803108444575, -0.03594353226429193582 ) ) ;
#2047 = CARTESIAN_POINT ( 'NONE',  ( -0.1229390222998474475, 0.1000000000000000056, 0.09107687300274214248 ) ) ;
#2048 = EDGE_CURVE ( 'NONE', #1652, #274, #1984, .T. ) ;
#2049 = DIRECTION ( 'NONE',  ( 0.0000000000000000000, 0.0000000000000000000, -1.000000000000000000 ) ) ;
#2050 = CARTESIAN_POINT ( 'NONE',  ( 0.0000000000000000000, 0.5550000000000000488, -0.08711270473939901338 ) ) ;
#2051 = LINE ( 'NONE', #1705, #770 ) ;
#2052 = ORIENTED_EDGE ( 'NONE', *, *, #761, .T. ) ;
#2053 = CARTESIAN_POINT ( 'NONE',  ( 0.09959292143521003560, 0.01833333333333334730, 0.05750000000000071027 ) ) ;
#2054 = ORIENTED_EDGE ( 'NONE', *, *, #1186, .F. ) ;
#2055 =( BOUNDED_SURFACE ( )  B_SPLINE_SURFACE ( 1, 2, ( 
 ( #1515, #1292, #1964, #1646, #149, #1306, #640, #467, #178, #160, #2010, #1142, #964 ),
 ( #1634, #1471, #1151, #1, #1484, #2139, #650, #1821, #1317, #334, #987, #1657, #1567 ) ),
 .UNSPECIFIED., .F., .F., .F. ) 
 B_SPLINE_SURFACE_WITH_KNOTS ( ( 2, 2 ),
 ( 3, 2, 2, 2, 2, 2, 3 ),
 ( 0.0000000000000000000, 0.2240594535152529987 ),
 ( 0.0000000000000000000, 0.08333333333333330095, 0.1666666666666665186, 0.2500000000000000000, 0.3333333333333335369, 0.4166666666666665186, 0.4899999999999999911 ),
 .UNSPECIFIED. ) 
 GEOMETRIC_REPRESENTATION_ITEM ( )  RATIONAL_B_SPLINE_SURFACE ( (
 ( 1.000000000000000000, 0.9659258262890679791, 1.000000000000000000, 0.9659258262890679791, 1.000000000000000000, 0.9659258262890679791, 1.000000000000000000, 0.9659258262890679791, 1.000000000000000000, 0.9659258262890679791, 1.000000000000000000, 0.9700147271343799726, 0.9928035345122510069),
 ( 1.000000000000000000, 0.9659258262890679791, 1.000000000000000000, 0.9659258262890679791, 1.000000000000000000, 0.9659258262890679791, 1.000000000000000000, 0.9659258262890679791, 1.000000000000000000, 0.9659258262890679791, 1.000000000000000000, 0.9700147271343799726, 0.9928035345122510069) ) ) 
 REPRESENTATION_ITEM ( '' )  SURFACE ( )  );
#2056 = LINE ( 'NONE', #579, #396 ) ;
#2057 = CARTESIAN_POINT ( 'NONE',  ( 0.1217089477800704644, 0.4062583377399779372, -0.01499999999999999944 ) ) ;
#2058 = CARTESIAN_POINT ( 'NONE',  ( 0.0000000000000000000, 0.07799999999999999989, 0.0000000000000000000 ) ) ;
#2059 = CARTESIAN_POINT ( 'NONE',  ( 0.06327812810203352345, 0.06892856055256614545, -0.1146512362637507748 ) ) ;
#2060 = EDGE_CURVE ( 'NONE', #2127, #408, #1404, .T. ) ;
#2061 = CARTESIAN_POINT ( 'NONE',  ( -0.008356701530077037185, 0.01627328783658431310, -0.1527719945484467268 ) ) ;
#2062 = CARTESIAN_POINT ( 'NONE',  ( -0.09756438819605513235, 0.1680177585899230164, -0.01499999999999999944 ) ) ;
#2063 = EDGE_CURVE ( 'NONE', #304, #45, #518, .T. ) ;
#2064 = VERTEX_POINT ( 'NONE', #827 ) ;
#2065 = CARTESIAN_POINT ( 'NONE',  ( 0.1149999999999998940, 0.02666666666666668573, 0.03081415712957997349 ) ) ;
#2066 = TOROIDAL_SURFACE ( 'NONE', #1713, 0.1154142853001830782, 0.005000000000000000104 ) ;
#2067 = ORIENTED_EDGE ( 'NONE', *, *, #1106, .F. ) ;
#2068 = FACE_OUTER_BOUND ( 'NONE', #266, .T. ) ;
#2069 = AXIS2_PLACEMENT_3D ( 'NONE', #679, #1676, #2049 ) ;
#2070 = LINE ( 'NONE', #1739, #1477 ) ;
#2071 = DIRECTION ( 'NONE',  ( 0.0000000000000000000, 0.0000000000000000000, 1.000000000000000000 ) ) ;
#2072 = CARTESIAN_POINT ( 'NONE',  ( 0.0000000000000000000, 0.003579766536965023511, 0.1202083375433773693 ) ) ;
#2073 = CARTESIAN_POINT ( 'NONE',  ( -0.1310000000000000053, 0.09000000000000001055, -8.021171617536565704E-18 ) ) ;
#2074 = ORIENTED_EDGE ( 'NONE', *, *, #1191, .F. ) ;
#2075 = EDGE_CURVE ( 'NONE', #1969, #1743, #56, .T. ) ;
#2076 = ORIENTED_EDGE ( 'NONE', *, *, #1372, .T. ) ;
#2077 = CARTESIAN_POINT ( 'NONE',  ( 0.009533583198286968430, 0.1000000000000000056, -0.1527026875709832643 ) ) ;
#2078 = LINE ( 'NONE', #580, #1399 ) ;
#2079 = DIRECTION ( 'NONE',  ( -1.639989767676029929E-17, 4.915123804745440460E-19, -1.000000000000000000 ) ) ;
#2080 = CARTESIAN_POINT ( 'NONE',  ( -0.01997268734120139291, 0.01500000000000005322, -0.1521105691548184091 ) ) ;
#2081 =( NAMED_UNIT ( * ) PLANE_ANGLE_UNIT ( ) SI_UNIT ( $, .RADIAN. ) );
#2082 = ORIENTED_EDGE ( 'NONE', *, *, #174, .T. ) ;
#2083 = CARTESIAN_POINT ( 'NONE',  ( -0.01499999999999999944, 0.5280000000000000249, 0.08663291366742538469 ) ) ;
#2084 = EDGE_CURVE ( 'NONE', #1777, #338, #1874, .T. ) ;
#2085 = ORIENTED_EDGE ( 'NONE', *, *, #392, .T. ) ;
#2086 = CARTESIAN_POINT ( 'NONE',  ( -0.009533583198285885962, 0.1054165237503167374, 0.1527026875709834586 ) ) ;
#2087 = EDGE_CURVE ( 'NONE', #1599, #829, #544, .T. ) ;
#2088 = DIRECTION ( 'NONE',  ( 0.0000000000000000000, 0.0000000000000000000, 1.000000000000000000 ) ) ;
#2089 = SURFACE_STYLE_FILL_AREA ( #271 ) ;
#2090 = CARTESIAN_POINT ( 'NONE',  ( 0.0000000000000000000, 0.07799999999999999989, 0.0000000000000000000 ) ) ;
#2091 = LENGTH_MEASURE_WITH_UNIT ( LENGTH_MEASURE( 0.02539999999999999897 ), #1423 );
#2092 = ORIENTED_EDGE ( 'NONE', *, *, #500, .T. ) ;
#2093 = DIRECTION ( 'NONE',  ( 0.0000000000000000000, -1.000000000000000000, 0.0000000000000000000 ) ) ;
#2094 = ORIENTED_EDGE ( 'NONE', *, *, #1068, .F. ) ;
#2095 = LINE ( 'NONE', #1724, #1539 ) ;
#2096 = ORIENTED_EDGE ( 'NONE', *, *, #1708, .T. ) ;
#2097 = VECTOR ( 'NONE', #85, 39.37007874015748143 ) ;
#2098 = CARTESIAN_POINT ( 'NONE',  ( 0.1529999999999999971, 0.07974123152059015007, 1.077762147106212461E-15 ) ) ;
#2099 = EDGE_CURVE ( 'NONE', #208, #25, #1147, .T. ) ;
#2100 = VECTOR ( 'NONE', #412, 39.37007874015748854 ) ;
#2101 = CARTESIAN_POINT ( 'NONE',  ( 0.01001923393836935336, 0.1249999999999994726, 0.1307124805219858632 ) ) ;
#2102 = CIRCLE ( 'NONE', #54, 0.1000000000000000056 ) ;
#2103 = ADVANCED_FACE ( 'NONE', ( #63 ), #1863, .T. ) ;
#2104 = CARTESIAN_POINT ( 'NONE',  ( 0.0000000000000000000, 0.005000000000000000104, 0.1154142853001830782 ) ) ;
#2105 = AXIS2_PLACEMENT_3D ( 'NONE', #1572, #90, #744 ) ;
#2106 = DIRECTION ( 'NONE',  ( 0.0000000000000000000, 0.0000000000000000000, -1.000000000000000000 ) ) ;
#2107 = ORIENTED_EDGE ( 'NONE', *, *, #589, .T. ) ;
#2108 = DIRECTION ( 'NONE',  ( 0.0000000000000000000, 0.0000000000000000000, -1.000000000000000000 ) ) ;
#2109 = VERTEX_POINT ( 'NONE', #1910 ) ;
#2110 = CARTESIAN_POINT ( 'NONE',  ( 0.0000000000000000000, 0.4430236490923204484, 0.0000000000000000000 ) ) ;
#2111 = EDGE_LOOP ( 'NONE', ( #626, #12, #1405, #2107, #1911, #1241, #395, #1282, #838 ) ) ;
#2112 = DIRECTION ( 'NONE',  ( 0.0000000000000000000, 0.0000000000000000000, -1.000000000000000000 ) ) ;
#2113 = DIRECTION ( 'NONE',  ( 0.0000000000000000000, 1.000000000000000000, 0.0000000000000000000 ) ) ;
#2114 = EDGE_CURVE ( 'NONE', #1340, #490, #663, .T. ) ;
#2115 = DIRECTION ( 'NONE',  ( 0.0000000000000000000, -1.000000000000000000, 0.0000000000000000000 ) ) ;
#2116 = ORIENTED_EDGE ( 'NONE', *, *, #1358, .T. ) ;
#2117 = FACE_OUTER_BOUND ( 'NONE', #1006, .T. ) ;
#2118 = VERTEX_POINT ( 'NONE', #1706 ) ;
#2119 = DIRECTION ( 'NONE',  ( -1.000000000000000000, -0.0000000000000000000, -0.0000000000000000000 ) ) ;
#2120 = ORIENTED_EDGE ( 'NONE', *, *, #2114, .T. ) ;
#2121 = CARTESIAN_POINT ( 'NONE',  ( 0.1310000000000001996, 0.09491669099045668689, -0.02070989553872773156 ) ) ;
#2122 = FACE_OUTER_BOUND ( 'NONE', #1327, .T. ) ;
#2123 = CARTESIAN_POINT ( 'NONE',  ( -0.009533583198285891167, 0.1277871395106117691, 0.1527026875709834308 ) ) ;
#2124 = FACE_OUTER_BOUND ( 'NONE', #1891, .T. ) ;
#2125 =( BOUNDED_CURVE ( )  B_SPLINE_CURVE ( 2, ( #1626, #140, #628, #1293, #446, #1965, #150, #1107, #1776, #942, #584 ),
 .UNSPECIFIED., .F., .T. ) 
 B_SPLINE_CURVE_WITH_KNOTS ( ( 3, 2, 2, 2, 2, 3 ),
 ( 0.1497240401763660078, 0.1666666666666665186, 0.2500000000000000000, 0.3333333333333335369, 0.4166666666666665186, 0.4899999999999999911 ),
 .UNSPECIFIED. ) 
 CURVE ( )  GEOMETRIC_REPRESENTATION_ITEM ( )  RATIONAL_B_SPLINE_CURVE ( ( 0.9889616070548136184, 0.9930723280222006899, 1.000000000000000000, 0.9659258262890679791, 1.000000000000000000, 0.9659258262890679791, 1.000000000000000000, 0.9659258262890679791, 1.000000000000000000, 0.9700147271343799726, 0.9928035345122510069 ) ) 
 REPRESENTATION_ITEM ( '' )  );
#2126 = ADVANCED_FACE ( 'NONE', ( #1524 ), #2026, .T. ) ;
#2127 = VERTEX_POINT ( 'NONE', #380 ) ;
#2128 = ORIENTED_EDGE ( 'NONE', *, *, #1243, .T. ) ;
#2129 = CARTESIAN_POINT ( 'NONE',  ( 0.04538837916685065088, 0.07563575448355555619, -0.1504641894419637693 ) ) ;
#2130 = EDGE_LOOP ( 'NONE', ( #290, #1332, #300, #1461, #2116, #2141 ) ) ;
#2131 = CARTESIAN_POINT ( 'NONE',  ( 0.1228051891398195122, 0.4080547628802202453, -0.005022020528009837545 ) ) ;
#2132 = AXIS2_PLACEMENT_3D ( 'NONE', #874, #1556, #1204 ) ;
#2133 = DIRECTION ( 'NONE',  ( -0.0000000000000000000, -1.000000000000000000, -0.0000000000000000000 ) ) ;
#2134 = CARTESIAN_POINT ( 'NONE',  ( -0.01499999999999999944, 0.1336620493902986595, 0.09860602332318769980 ) ) ;
#2135 = CONICAL_SURFACE ( 'NONE', #843, 0.1495856964994332627, 0.5235987755982977054 ) ;
#2136 = CIRCLE ( 'NONE', #907, 0.004999999999999997502 ) ;
#2137 = CARTESIAN_POINT ( 'NONE',  ( 0.0000000000000000000, 0.5550000000000000488, 0.0000000000000000000 ) ) ;
#2138 = CONICAL_SURFACE ( 'NONE', #465, 0.1495856964994332627, 0.5235987755982977054 ) ;
#2139 = CARTESIAN_POINT ( 'NONE',  ( -0.1150000000000001160, 0.08912758919714644512, -0.03081415712957915470 ) ) ;
#2140 = CARTESIAN_POINT ( 'NONE',  ( 0.02863621076571744306, 0.07799999999999999989, -0.1278317935139041406 ) ) ;
#2141 = ORIENTED_EDGE ( 'NONE', *, *, #220, .T. ) ;
#2142 = DIRECTION ( 'NONE',  ( 0.0000000000000000000, 0.0000000000000000000, -1.000000000000000000 ) ) ;
#2143 = EDGE_CURVE ( 'NONE', #1841, #1284, #1692, .T. ) ;
#2144 = EDGE_LOOP ( 'NONE', ( #1474, #1220, #180, #481 ) ) ;
#2145 = DIRECTION ( 'NONE',  ( 0.0000000000000000000, -1.000000000000000000, 0.0000000000000000000 ) ) ;
#2146 = B_SPLINE_CURVE_WITH_KNOTS ( 'NONE', 3,
 ( #1069, #1593, #1749, #894 ),
 .UNSPECIFIED., .F., .F.,
 ( 4, 4 ),
 ( 0.002434972882050584573, 0.004103477118856735557 ),
 .UNSPECIFIED. ) ;
#2147 = FACE_OUTER_BOUND ( 'NONE', #1601, .T. ) ;
#2148 = DIRECTION ( 'NONE',  ( 0.0000000000000000000, 0.0000000000000000000, -1.000000000000000000 ) ) ;
#2149 = CARTESIAN_POINT ( 'NONE',  ( -8.030411730551573270E-16, 0.04746092253047984322, 0.1150000000000000050 ) ) ;
ENDSEC;
END-ISO-10303-21;
